{"type":"FeatureCollection","features":[{"type":"Feature","properties":{"code":"11","name":"Aceh","bbox":[95.037,2.032,98.2872,5.9071]},"geometry":{"type":"MultiPolygon","coordinates":[[[[95.1742,5.6218],[95.1407,5.6605],[95.1448,5.6345],[95.1191,5.6145],[95.1278,5.5943],[95.1569,5.5951],[95.1742,5.6218]]],[[[95.072,5.6664],[95.1102,5.6672],[95.119,5.6894],[95.0669,5.7473],[95.037,5.7506],[95.0522,5.7209],[95.0399,5.7037],[95.072,5.6664]]],[[[95.3254,5.7728],[95.3522,5.8279],[95.3721,5.804],[95.3773,5.8282],[95.3483,5.8867],[95.3109,5.8945],[95.3042,5.8407],[95.2876,5.8406],[95.2169,5.9071],[95.22,5.8755],[95.2863,5.7801],[95.3254,5.7728]]],[[[95.939,2.546],[95.9244,2.5277],[95.961,2.5231],[95.939,2.546]]],[[[95.804,2.6355],[95.8631,2.638],[95.8886,2.6213],[95.8851,2.604],[95.9422,2.572],[95.9743,2.5887],[96.0802,2.5667],[96.2281,2.4421],[96.3178,2.4155],[96.3133,2.3873],[96.3333,2.3915],[96.335,2.3739],[96.3197,2.3619],[96.3446,2.3414],[96.3869,2.3492],[96.4437,2.3284],[96.498,2.3627],[96.4534,2.476],[96.4017,2.491],[96.409,2.4672],[96.3848,2.4649],[96.3652,2.5149],[96.3401,2.5215],[96.346,2.546],[96.2705,2.5737],[96.1879,2.6511],[96.1079,2.6359],[96.1003,2.6786],[96.1451,2.6915],[96.0919,2.7486],[96.0265,2.7566],[95.9756,2.8115],[95.9149,2.8446],[95.9042,2.824],[95.8705,2.8465],[95.8835,2.8726],[95.9089,2.8483],[95.9047,2.8948],[95.8723,2.9132],[95.8015,2.9093],[95.7868,2.926],[95.7681,2.8972],[95.7675,2.8262],[95.7195,2.8252],[95.6921,2.774],[95.7017,2.7489],[95.7262,2.7605],[95.804,2.6355]]],[[[97.1149,2.1146],[97.0765,2.0768],[97.0983,2.032],[97.161,2.069],[97.1149,2.1146]]],[[[96.6519,2.1244],[96.6113,2.104],[96.6255,2.067],[96.6494,2.0578],[96.6887,2.0908],[96.6519,2.1244]]],[[[97.1779,2.234],[97.1127,2.2155],[97.1738,2.1787],[97.2115,2.18],[97.3069,2.0633],[97.3412,2.0554],[97.356,2.1031],[97.3341,2.1181],[97.3407,2.1544],[97.2927,2.2009],[97.3012,2.2141],[97.2358,2.2354],[97.22,2.2045],[97.1779,2.234]]],[[[96.6276,2.1888],[96.6097,2.1779],[96.6368,2.1506],[96.6625,2.1655],[96.6276,2.1888]]],[[[98.253,4.2899],[98.2818,4.3495],[98.2872,4.4175],[98.169,4.5025],[98.0874,4.5219],[98.0696,4.5472],[98.0355,4.5266],[98.0286,4.5428],[97.9858,4.534],[97.9722,4.5612],[97.998,4.5893],[97.9964,4.6374],[97.962,4.6719],[97.9597,4.7439],[97.9037,4.891],[97.8681,4.8926],[97.8106,4.9314],[97.6479,5.0744],[97.6533,5.1132],[97.5905,5.1443],[97.5502,5.2152],[97.4971,5.2495],[97.2027,5.1426],[97.143,5.1559],[97.1419,5.1999],[97.0217,5.2541],[96.8891,5.2474],[96.8592,5.2752],[96.6236,5.2109],[96.532,5.1984],[96.489,5.2068],[96.4626,5.2365],[96.393,5.2097],[96.2607,5.2642],[96.1904,5.2595],[96.0819,5.2921],[95.9156,5.4273],[95.8884,5.5023],[95.6107,5.6278],[95.5149,5.5954],[95.4323,5.6566],[95.2737,5.5496],[95.2437,5.5459],[95.2277,5.5756],[95.1935,5.527],[95.2435,5.4597],[95.2531,5.3822],[95.2258,5.345],[95.2362,5.3189],[95.2143,5.3057],[95.2185,5.2835],[95.2331,5.2845],[95.2538,5.2213],[95.3092,5.1619],[95.3031,5.1122],[95.3327,5.0511],[95.3673,5.0326],[95.3715,4.9387],[95.3961,4.8748],[95.4319,4.8082],[95.4927,4.751],[95.5404,4.6565],[95.583,4.6568],[95.5816,4.6401],[95.7544,4.4931],[96.0214,4.2091],[96.0613,4.2028],[96.122,4.1406],[96.1914,4.1051],[96.396,3.8405],[96.5023,3.7464],[96.5343,3.7314],[96.7758,3.7384],[96.8796,3.6773],[96.9032,3.6022],[97.0027,3.5461],[97.1694,3.2576],[97.2546,3.2252],[97.316,3.0551],[97.3643,2.9958],[97.447,2.9239],[97.5918,2.8807],[97.644,2.7128],[97.6679,2.3912],[97.786,2.2314],[97.8001,2.2706],[97.87,2.2457],[97.9134,2.2717],[97.9522,2.2698],[98.1273,2.1695],[98.1966,2.3132],[98.0813,2.5183],[98.0848,2.6034],[98.1077,2.6044],[98.104,2.6819],[98.0694,2.7642],[98.1091,2.7771],[98.0984,2.8228],[98.0501,2.8218],[97.993,2.8818],[97.9493,2.8948],[97.9549,2.9828],[97.9301,3.0548],[97.9365,3.0743],[97.9809,3.0793],[97.9822,3.1161],[97.9421,3.1648],[97.9447,3.2076],[97.9112,3.2518],[97.969,3.2737],[98.0293,3.3308],[97.9972,3.3727],[97.9487,3.39],[97.9344,3.4465],[97.959,3.4814],[97.9302,3.4925],[97.9066,3.5552],[97.8681,3.5711],[97.8718,3.6126],[97.8005,3.7226],[97.9219,3.8459],[97.9002,3.9094],[97.953,3.8899],[98.0065,3.9017],[98.0203,3.9558],[98.0827,3.9539],[98.0957,3.9841],[98.0402,4.0412],[98.0574,4.1347],[98.0748,4.1452],[98.0625,4.1859],[98.0916,4.1941],[98.072,4.2504],[98.1438,4.2598],[98.1547,4.2891],[98.253,4.2899]]],[[[97.4156,2.3266],[97.3888,2.3606],[97.4156,2.3266]]]]}},{"type":"Feature","properties":{"code":"51","name":"Bali","bbox":[114.438,-8.8489,115.7104,-8.0616]},"geometry":{"type":"MultiPolygon","coordinates":[[[[115.4421,-8.6802],[115.4508,-8.6938],[115.4698,-8.6786],[115.4511,-8.6631],[115.4421,-8.6802]]],[[[114.926,-8.4723],[115.0559,-8.5789],[115.1646,-8.7042],[115.1615,-8.7818],[115.0883,-8.8149],[115.0874,-8.8362],[115.1707,-8.8489],[115.2176,-8.8331],[115.2374,-8.8021],[115.1809,-8.7585],[115.1927,-8.7362],[115.2636,-8.7068],[115.2699,-8.6541],[115.3699,-8.5749],[115.4477,-8.5706],[115.5092,-8.5404],[115.5125,-8.5087],[115.61,-8.5029],[115.6336,-8.463],[115.6798,-8.4389],[115.7104,-8.3779],[115.6301,-8.3248],[115.5575,-8.231],[115.4536,-8.1625],[115.1836,-8.0616],[115.1151,-8.0835],[115.0043,-8.174],[114.8623,-8.1965],[114.5805,-8.121],[114.5305,-8.1518],[114.494,-8.0962],[114.4388,-8.0947],[114.4443,-8.1568],[114.4673,-8.1655],[114.438,-8.1839],[114.4482,-8.2191],[114.5873,-8.4012],[114.7322,-8.3961],[114.926,-8.4723]]],[[[115.4847,-8.7602],[115.5871,-8.8195],[115.6286,-8.77],[115.5632,-8.6722],[115.4899,-8.674],[115.4479,-8.7218],[115.4847,-8.7602]]]]}},{"type":"Feature","properties":{"code":"36","name":"Banten","bbox":[105.1207,-7.0161,106.7799,-5.891]},"geometry":{"type":"MultiPolygon","coordinates":[[[[105.2617,-6.5218],[105.2142,-6.5462],[105.1873,-6.5399],[105.1207,-6.5902],[105.132,-6.605],[105.1624,-6.5738],[105.1816,-6.5832],[105.1951,-6.6203],[105.1703,-6.6628],[105.2431,-6.6358],[105.2617,-6.5218]]],[[[105.5508,-6.9956],[105.5255,-7.0132],[105.5635,-7.0161],[105.5508,-6.9956]]],[[[105.8151,-6.9503],[105.7669,-6.9661],[105.7724,-6.9738],[105.8151,-6.9503]]],[[[105.8594,-5.9393],[105.8402,-5.9477],[105.8542,-5.9771],[105.8594,-5.9393]]],[[[106.725,-6.0896],[106.7126,-6.0406],[106.6791,-6.0127],[106.6635,-6.0223],[106.6486,-6.0052],[106.4859,-6.0478],[106.4115,-6.0241],[106.3875,-5.9765],[106.3504,-5.9642],[106.3247,-5.9838],[106.2442,-5.967],[106.2246,-6.0125],[106.1693,-6.0276],[106.117,-6.0072],[106.1139,-5.9301],[106.0828,-5.8912],[106.0191,-5.891],[105.996,-5.9747],[105.8811,-6.0767],[105.8252,-6.2396],[105.8413,-6.3003],[105.8193,-6.3696],[105.8253,-6.4257],[105.7721,-6.5165],[105.6866,-6.5217],[105.679,-6.4779],[105.6501,-6.4812],[105.6164,-6.5587],[105.6182,-6.6165],[105.5067,-6.7304],[105.5122,-6.7572],[105.4681,-6.828],[105.4475,-6.8257],[105.4351,-6.7754],[105.3873,-6.7341],[105.401,-6.7177],[105.3753,-6.6545],[105.34,-6.6613],[105.3206,-6.7085],[105.2594,-6.7625],[105.2304,-6.756],[105.2401,-6.831],[105.2674,-6.8441],[105.2952,-6.8049],[105.3271,-6.8026],[105.5384,-6.8742],[105.6246,-6.8429],[105.7726,-6.8479],[105.9928,-6.8143],[106.2376,-6.931],[106.2649,-6.9732],[106.3785,-6.9952],[106.3971,-6.9785],[106.393,-6.9004],[106.4312,-6.8617],[106.4356,-6.8242],[106.5262,-6.7678],[106.4668,-6.751],[106.4291,-6.6802],[106.43,-6.58],[106.4038,-6.5167],[106.4036,-6.4537],[106.45,-6.4344],[106.4267,-6.3479],[106.4679,-6.3036],[106.4829,-6.3494],[106.5262,-6.3495],[106.5258,-6.3258],[106.604,-6.3619],[106.7693,-6.3615],[106.7799,-6.3165],[106.7433,-6.2276],[106.7202,-6.2242],[106.7241,-6.1918],[106.6868,-6.1724],[106.6881,-6.097],[106.725,-6.0896]]]]}},{"type":"Feature","properties":{"code":"17","name":"Bengkulu","bbox":[101.0224,-5.5057,103.7905,-2.2899]},"geometry":{"type":"MultiPolygon","coordinates":[[[[102.1974,-5.4155],[102.252,-5.4819],[102.3592,-5.5057],[102.3754,-5.4855],[102.3393,-5.4585],[102.3673,-5.4569],[102.3812,-5.3859],[102.2851,-5.3569],[102.1632,-5.2897],[102.1353,-5.2954],[102.1348,-5.3135],[102.0864,-5.3404],[102.1974,-5.4155]]],[[[101.0224,-2.4784],[101.1423,-2.6285],[101.3202,-2.7356],[101.4132,-2.9404],[101.4805,-3.0121],[101.5208,-3.1137],[101.6223,-3.2448],[101.8964,-3.4277],[101.9299,-3.4792],[102.0946,-3.5629],[102.2373,-3.6838],[102.2618,-3.7672],[102.2497,-3.7963],[102.289,-3.8387],[102.3077,-3.8947],[102.2794,-3.9615],[102.7963,-4.3546],[102.8836,-4.4406],[102.9045,-4.4908],[103.0159,-4.5245],[103.1541,-4.6019],[103.2844,-4.7105],[103.3196,-4.7588],[103.3098,-4.7819],[103.3279,-4.8082],[103.379,-4.8004],[103.4038,-4.8184],[103.4095,-4.8617],[103.499,-4.8749],[103.5621,-4.9239],[103.596,-4.9224],[103.6037,-4.8896],[103.6251,-4.8904],[103.7311,-4.7993],[103.7905,-4.779],[103.7706,-4.7484],[103.6773,-4.7176],[103.7077,-4.696],[103.6971,-4.6544],[103.6668,-4.6155],[103.6015,-4.5966],[103.6295,-4.55],[103.6195,-4.5313],[103.5721,-4.5277],[103.5293,-4.5707],[103.4834,-4.5766],[103.4066,-4.5008],[103.4465,-4.3744],[103.4422,-4.3301],[103.3715,-4.3159],[103.3058,-4.2575],[103.2241,-4.2407],[103.0891,-4.2669],[103.0676,-4.2569],[103.0595,-4.1948],[102.9186,-4.0931],[102.9172,-4.0569],[102.9541,-4.0562],[102.9962,-4.0185],[102.9611,-4.0197],[102.9119,-3.9696],[102.8575,-3.992],[102.7917,-3.9559],[102.7701,-3.9102],[102.6304,-3.8094],[102.6573,-3.772],[102.7343,-3.7463],[102.7342,-3.7177],[102.7706,-3.7082],[102.8078,-3.6128],[102.8102,-3.5299],[102.8476,-3.5369],[102.9071,-3.6165],[102.9947,-3.5248],[103.0051,-3.4666],[102.9884,-3.3686],[102.8951,-3.3757],[102.8957,-3.3269],[102.8641,-3.3453],[102.798,-3.3317],[102.7897,-3.2975],[102.7596,-3.2888],[102.6184,-3.3294],[102.5704,-3.2795],[102.5458,-3.2909],[102.4943,-3.2684],[102.4814,-3.1057],[102.4423,-3.0586],[102.3868,-3.0436],[102.3176,-3.0699],[102.2677,-3.0426],[102.2429,-3.0195],[102.2241,-2.9307],[102.1313,-2.8748],[102.1294,-2.8348],[102.0639,-2.7685],[101.9969,-2.7241],[101.8592,-2.7306],[101.6773,-2.533],[101.6097,-2.5499],[101.6042,-2.5358],[101.542,-2.5714],[101.5558,-2.4485],[101.3787,-2.3552],[101.3874,-2.3364],[101.3014,-2.2899],[101.2673,-2.2984],[101.2385,-2.3389],[101.0224,-2.4784]]]]}},{"type":"Feature","properties":{"code":"34","name":"Daerah Istimewa Yogyakarta","bbox":[110.0035,-8.2031,110.8349,-7.5412]},"geometry":{"type":"Polygon","coordinates":[[[110.0035,-7.8883],[110.3448,-8.0308],[110.3755,-8.0715],[110.4672,-8.1102],[110.6039,-8.1452],[110.7189,-8.1994],[110.8349,-8.2031],[110.8287,-8.1677],[110.7856,-8.1507],[110.7556,-8.0244],[110.7856,-7.8167],[110.721,-7.7926],[110.6267,-7.8028],[110.5636,-7.7818],[110.5311,-7.7971],[110.4918,-7.7668],[110.4452,-7.5412],[110.3036,-7.6554],[110.274,-7.7005],[110.2638,-7.6463],[110.1499,-7.6473],[110.1156,-7.6738],[110.132,-7.6839],[110.1312,-7.7394],[110.0637,-7.8121],[110.0416,-7.8844],[110.0035,-7.8883]]]}},{"type":"Feature","properties":{"code":"31","name":"DKI Jakarta","bbox":[106.6868,-6.3718,106.973,-6.0896]},"geometry":{"type":"Polygon","coordinates":[[[106.725,-6.0896],[106.6881,-6.097],[106.6868,-6.1724],[106.7241,-6.1918],[106.7202,-6.2242],[106.7433,-6.2276],[106.7799,-6.3165],[106.8092,-6.3148],[106.7946,-6.3646],[106.8353,-6.355],[106.8404,-6.3361],[106.8963,-6.3718],[106.9228,-6.3143],[106.9054,-6.2602],[106.944,-6.2524],[106.973,-6.1894],[106.97,-6.0907],[106.8791,-6.095],[106.8295,-6.1213],[106.725,-6.0896]]]}},{"type":"Feature","properties":{"code":"75","name":"Gorontalo","bbox":[121.1657,0.3064,123.5482,1.0386]},"geometry":{"type":"MultiPolygon","coordinates":[[[[121.3367,0.4738],[121.4369,0.4911],[121.4425,0.4661],[121.4939,0.4788],[121.5175,0.4945],[121.5237,0.5493],[121.5683,0.5317],[121.6198,0.5473],[121.6177,0.5233],[121.6447,0.5352],[121.7126,0.5193],[121.7669,0.4467],[121.8126,0.4199],[122.124,0.4924],[122.1516,0.4688],[122.2334,0.4862],[122.269,0.4741],[122.3974,0.5196],[122.4182,0.5026],[122.6308,0.4874],[122.6553,0.4941],[122.6474,0.5146],[122.6764,0.511],[122.701,0.4814],[122.828,0.4958],[122.9892,0.4848],[123.0628,0.5055],[123.2285,0.3484],[123.3456,0.3064],[123.4349,0.3167],[123.46,0.3374],[123.4736,0.3203],[123.5482,0.4423],[123.5246,0.4567],[123.5228,0.4901],[123.5457,0.4965],[123.5477,0.5225],[123.5258,0.5439],[123.5332,0.5752],[123.4875,0.6016],[123.4862,0.6265],[123.3831,0.6401],[123.3224,0.6985],[123.2736,0.6982],[123.2462,0.7332],[123.2711,0.8026],[123.2058,0.8574],[123.1187,0.8959],[123.1215,0.9248],[123.0588,0.9187],[122.9864,0.9677],[122.94,0.958],[122.9657,0.9322],[122.9219,0.8612],[122.8299,0.8194],[122.7969,0.8346],[122.7889,0.8651],[122.6992,0.8891],[122.6216,0.9558],[122.6093,0.9445],[122.5121,0.98],[122.4527,1.0315],[122.4449,1.0007],[122.4194,0.9913],[122.3936,1.0139],[122.3698,0.9929],[122.3357,1.032],[122.316,1.0067],[122.2686,1.0124],[122.2387,0.9956],[122.1957,1.0386],[122.0421,0.9867],[122.0155,0.9091],[121.9547,0.9073],[121.8637,0.9906],[121.7864,0.9395],[121.6035,0.8727],[121.5491,0.881],[121.5332,0.8533],[121.4941,0.8393],[121.3855,0.8549],[121.3472,0.8465],[121.3643,0.809],[121.3528,0.796],[121.2181,0.7909],[121.182,0.7451],[121.1657,0.6692],[121.2186,0.6385],[121.2377,0.6035],[121.3011,0.5705],[121.3295,0.5753],[121.3182,0.5436],[121.3516,0.4926],[121.3367,0.4738]]],[[[122.7723,0.9131],[122.7603,0.9012],[122.7903,0.8741],[122.8074,0.8871],[122.7723,0.9131]]]]}},{"type":"Feature","properties":{"code":"15","name":"Jambi","bbox":[101.1317,-2.7667,104.491,-0.7317]},"geometry":{"type":"MultiPolygon","coordinates":[[[[101.8236,-0.9776],[101.8313,-1.1106],[101.8848,-1.1131],[101.8839,-1.1334],[101.816,-1.2178],[101.7267,-1.2348],[101.6992,-1.2739],[101.6751,-1.348],[101.7118,-1.3363],[101.7281,-1.3549],[101.6949,-1.3941],[101.7194,-1.4356],[101.6798,-1.4981],[101.6228,-1.527],[101.5233,-1.6361],[101.4864,-1.6485],[101.4765,-1.6767],[101.3365,-1.6807],[101.2159,-1.7251],[101.1947,-1.685],[101.1692,-1.7106],[101.1345,-1.6838],[101.1317,-1.7903],[101.1383,-1.8989],[101.2437,-2.0728],[101.2411,-2.0976],[101.2611,-2.1019],[101.2929,-2.2887],[101.3874,-2.3364],[101.3787,-2.3552],[101.5558,-2.4485],[101.542,-2.5714],[101.6042,-2.5358],[101.6097,-2.5499],[101.6773,-2.533],[101.8592,-2.7306],[101.9969,-2.7241],[102.0327,-2.758],[102.097,-2.7667],[102.1094,-2.7387],[102.2368,-2.6896],[102.2414,-2.6511],[102.2713,-2.6245],[102.4691,-2.7043],[102.5388,-2.6752],[102.5806,-2.6783],[102.6158,-2.6527],[102.6141,-2.6222],[102.7775,-2.554],[102.8157,-2.4854],[102.8792,-2.4244],[102.8435,-2.374],[102.8559,-2.3335],[102.8928,-2.3173],[103.0293,-2.3416],[103.0552,-2.3173],[103.0631,-2.3363],[103.1186,-2.3541],[103.2113,-2.3203],[103.1982,-2.2606],[103.1674,-2.2294],[103.187,-2.1842],[103.2258,-2.1654],[103.2305,-2.1358],[103.2776,-2.1479],[103.3134,-2.237],[103.4058,-2.3351],[103.4538,-2.3596],[103.4602,-2.1777],[103.507,-2.1737],[103.5441,-2.1439],[103.5169,-2.0922],[103.5631,-2.0422],[103.5427,-1.986],[103.5,-1.9822],[103.5003,-1.9599],[103.5214,-1.9067],[103.5862,-1.8617],[103.7661,-1.8161],[103.85,-1.8167],[103.8733,-1.7886],[104.4055,-1.6293],[104.491,-1.6678],[104.4377,-1.5046],[104.4553,-1.3322],[104.3929,-1.2174],[104.4051,-1.1274],[104.3586,-1.0186],[104.3291,-1.0428],[104.2657,-1.0416],[104.2019,-1.0699],[104.0317,-1.0022],[103.9152,-0.9831],[103.8083,-1.0137],[103.8046,-0.9956],[103.7526,-0.9893],[103.7273,-0.9574],[103.5746,-0.8748],[103.546,-0.8094],[103.4886,-0.8032],[103.4655,-0.7378],[103.4411,-0.7317],[103.4312,-0.7781],[103.4089,-0.77],[103.3528,-0.7992],[103.3464,-0.7792],[103.3025,-0.7655],[103.1118,-0.7466],[103.0808,-0.7619],[103.0036,-0.7547],[102.9278,-0.8661],[102.7839,-0.9818],[102.7695,-1.0106],[102.7816,-1.0234],[102.6321,-1.1242],[102.6137,-1.096],[102.48,-1.0891],[102.4413,-1.0313],[102.3715,-1.0302],[102.3831,-0.9936],[102.3235,-0.9619],[102.3078,-0.9213],[102.2783,-0.9158],[102.1903,-0.945],[102.1885,-0.9187],[102.1618,-0.9011],[102.126,-0.9211],[102.0656,-0.8895],[102.0483,-0.9003],[101.9861,-0.8811],[101.9665,-0.9139],[101.9154,-0.9193],[101.9078,-0.9525],[101.8825,-0.9681],[101.8236,-0.9776]]],[[[104.2484,-1.0313],[104.213,-1.0337],[104.2222,-1.0573],[104.2484,-1.0313]]]]}},{"type":"Feature","properties":{"code":"32","name":"Jawa Barat","bbox":[106.3706,-7.8209,108.8389,-5.9206]},"geometry":{"type":"Polygon","coordinates":[[[106.3971,-6.9785],[106.443,-6.9529],[106.5419,-6.9837],[106.5437,-7.056],[106.4497,-7.1494],[106.4663,-7.1726],[106.4014,-7.1867],[106.3706,-7.2797],[106.4039,-7.3562],[106.4875,-7.3752],[106.5237,-7.4079],[107.0861,-7.4532],[107.4425,-7.5069],[107.5983,-7.57],[107.6827,-7.638],[107.6943,-7.6692],[107.8315,-7.7026],[107.847,-7.7371],[107.9434,-7.7336],[108.3452,-7.8183],[108.4327,-7.8209],[108.4957,-7.7932],[108.5167,-7.6987],[108.6635,-7.6921],[108.6951,-7.6756],[108.7861,-7.695],[108.8011,-7.6728],[108.7372,-7.6103],[108.7547,-7.5591],[108.7126,-7.4596],[108.7179,-7.4266],[108.6763,-7.3576],[108.6563,-7.3391],[108.6,-7.3505],[108.5566,-7.287],[108.5851,-7.2408],[108.5622,-7.1713],[108.6351,-7.1387],[108.6572,-7.1567],[108.6967,-7.1516],[108.726,-7.1152],[108.7667,-7.1135],[108.792,-7.0031],[108.7583,-6.9847],[108.7532,-6.9229],[108.8247,-6.8323],[108.8389,-6.737],[108.7503,-6.8154],[108.6861,-6.8001],[108.6536,-6.7503],[108.6117,-6.7684],[108.598,-6.758],[108.5623,-6.6916],[108.5352,-6.4807],[108.4226,-6.4045],[108.3798,-6.3483],[108.3617,-6.2609],[108.211,-6.2356],[108.2086,-6.2714],[108.1562,-6.3172],[108.0976,-6.3286],[107.9015,-6.2422],[107.8985,-6.1878],[107.8566,-6.2126],[107.849,-6.1897],[107.8187,-6.187],[107.8052,-6.2209],[107.6789,-6.2372],[107.6208,-6.1877],[107.4733,-6.1486],[107.3456,-5.9718],[107.2664,-5.9607],[107.152,-5.9852],[107.0954,-5.937],[107.0761,-5.9683],[107.0329,-5.9566],[107.036,-5.9364],[107.0079,-5.9206],[107.0179,-5.9707],[106.9949,-6.0281],[107.0099,-6.0774],[106.97,-6.0907],[106.973,-6.1894],[106.944,-6.2524],[106.9054,-6.2602],[106.9228,-6.3143],[106.8963,-6.3718],[106.8404,-6.3361],[106.8353,-6.355],[106.7946,-6.3646],[106.8092,-6.3148],[106.7799,-6.3165],[106.7693,-6.3615],[106.604,-6.3619],[106.5258,-6.3258],[106.5262,-6.3495],[106.4829,-6.3494],[106.4679,-6.3036],[106.4267,-6.3479],[106.45,-6.4344],[106.4036,-6.4537],[106.4038,-6.5167],[106.43,-6.58],[106.4291,-6.6802],[106.4668,-6.751],[106.5262,-6.7678],[106.4356,-6.8242],[106.4312,-6.8617],[106.393,-6.9004],[106.3971,-6.9785]]]}},{"type":"Feature","properties":{"code":"33","name":"Jawa Tengah","bbox":[108.5566,-8.2113,111.6914,-5.7707]},"geometry":{"type":"MultiPolygon","coordinates":[[[[108.8693,-7.7036],[108.8007,-7.6793],[108.7924,-7.6945],[108.8151,-7.7346],[109.05,-7.775],[108.9633,-7.7184],[108.8693,-7.7036]]],[[[108.8011,-7.6728],[108.8603,-7.6599],[108.8978,-7.7094],[108.9673,-7.7124],[109.0003,-7.7437],[109.0563,-7.6977],[109.1072,-7.6826],[109.2918,-7.7013],[109.3818,-7.7198],[109.4162,-7.7714],[109.4679,-7.7584],[109.5909,-7.7774],[110.0035,-7.8883],[110.0416,-7.8844],[110.0637,-7.8121],[110.1312,-7.7394],[110.132,-7.6839],[110.1156,-7.6738],[110.1499,-7.6473],[110.2638,-7.6463],[110.274,-7.7005],[110.3036,-7.6554],[110.4452,-7.5412],[110.4918,-7.7668],[110.5311,-7.7971],[110.5636,-7.7818],[110.6267,-7.8028],[110.721,-7.7926],[110.7856,-7.8167],[110.7556,-8.0244],[110.7856,-8.1507],[110.8287,-8.1677],[110.8349,-8.2031],[110.9001,-8.2113],[110.8953,-8.1667],[110.9534,-8.0617],[111.0342,-8.0793],[111.0796,-8.0427],[111.1115,-8.0631],[111.135,-8.0212],[111.1256,-7.9703],[111.1544,-7.922],[111.2275,-7.9342],[111.2309,-7.9482],[111.2661,-7.9346],[111.2972,-7.8769],[111.3034,-7.8383],[111.2745,-7.7375],[111.2365,-7.7503],[111.1824,-7.6909],[111.1964,-7.6093],[111.1525,-7.5618],[111.1519,-7.4978],[111.1195,-7.4097],[111.1553,-7.3133],[111.1352,-7.299],[111.1503,-7.2602],[111.2224,-7.2531],[111.2436,-7.285],[111.2843,-7.2887],[111.4533,-7.3714],[111.4574,-7.3246],[111.4235,-7.3088],[111.4553,-7.2572],[111.5224,-7.237],[111.5872,-7.1856],[111.612,-7.1384],[111.6226,-6.9895],[111.5709,-6.9561],[111.5775,-6.9171],[111.6023,-6.9117],[111.6147,-6.8326],[111.6555,-6.8271],[111.6689,-6.7639],[111.6914,-6.7542],[111.5623,-6.6393],[111.4926,-6.6207],[111.4666,-6.6595],[111.382,-6.7017],[111.2412,-6.6908],[111.1543,-6.6573],[111.094,-6.5865],[111.0459,-6.4266],[110.9013,-6.4044],[110.8365,-6.4077],[110.714,-6.4576],[110.6541,-6.5525],[110.6402,-6.6675],[110.612,-6.7119],[110.5766,-6.7365],[110.5507,-6.7286],[110.5397,-6.7561],[110.5593,-6.7727],[110.5587,-6.8049],[110.5241,-6.8371],[110.4983,-6.9045],[110.5266,-6.9335],[110.4556,-6.954],[110.3686,-6.9473],[110.3585,-6.9683],[110.3222,-6.9668],[110.2949,-6.9469],[110.3072,-6.9293],[110.1786,-6.8478],[110.113,-6.8876],[109.974,-6.9238],[109.8696,-6.9152],[109.5917,-6.8411],[109.5066,-6.7906],[109.4397,-6.8407],[109.3037,-6.8725],[109.0984,-6.838],[109.0674,-6.801],[109.0814,-6.7791],[109.0663,-6.7585],[109.0534,-6.7899],[108.9464,-6.8241],[108.8484,-6.8187],[108.8308,-6.7849],[108.8247,-6.8323],[108.7532,-6.9229],[108.7583,-6.9847],[108.792,-7.0031],[108.7667,-7.1135],[108.726,-7.1152],[108.6967,-7.1516],[108.6572,-7.1567],[108.6351,-7.1387],[108.5622,-7.1713],[108.5851,-7.2408],[108.5566,-7.287],[108.6,-7.3505],[108.6563,-7.3391],[108.6763,-7.3576],[108.7179,-7.4266],[108.7126,-7.4596],[108.7547,-7.5591],[108.7372,-7.6103],[108.8011,-7.6728]]],[[[110.4689,-5.8297],[110.4167,-5.838],[110.4321,-5.879],[110.4734,-5.856],[110.4689,-5.8297]]],[[[110.4857,-5.7707],[110.4509,-5.8068],[110.477,-5.818],[110.4857,-5.7707]]]]}},{"type":"Feature","properties":{"code":"35","name":"Jawa Timur","bbox":[110.8953,-8.7802,115.9018,-5.429]},"geometry":{"type":"MultiPolygon","coordinates":[[[[112.7093,-8.4327],[112.6804,-8.4522],[112.712,-8.4588],[112.7093,-8.4327]]],[[[110.9001,-8.2113],[111.0281,-8.2566],[111.0767,-8.2446],[111.0765,-8.2227],[111.1456,-8.2789],[111.2705,-8.2486],[111.3986,-8.2774],[111.4265,-8.2586],[111.453,-8.2752],[111.4639,-8.3224],[111.4947,-8.3151],[111.5118,-8.3327],[111.5502,-8.306],[111.6274,-8.3243],[111.6336,-8.3481],[111.6832,-8.3747],[111.7228,-8.3671],[111.6884,-8.3354],[111.7123,-8.323],[111.7126,-8.2917],[111.7489,-8.3112],[111.7538,-8.3399],[111.7699,-8.2701],[111.7951,-8.2553],[111.9056,-8.3031],[111.9381,-8.3056],[111.9501,-8.2772],[112.0348,-8.3189],[112.1397,-8.3148],[112.2208,-8.3424],[112.323,-8.3322],[112.3647,-8.3519],[112.3724,-8.3748],[112.4435,-8.3976],[112.5529,-8.4017],[112.6514,-8.4477],[112.7111,-8.4173],[112.8145,-8.3995],[112.821,-8.3723],[112.8715,-8.4081],[112.9147,-8.3943],[112.9841,-8.3209],[113.0457,-8.2987],[113.2378,-8.2852],[113.3346,-8.3265],[113.3877,-8.3996],[113.4408,-8.3778],[113.475,-8.3847],[113.4811,-8.412],[113.6392,-8.4547],[113.6466,-8.4944],[113.7086,-8.4814],[113.7134,-8.5145],[113.75,-8.5181],[113.7906,-8.4884],[113.8388,-8.5548],[113.9094,-8.579],[113.9434,-8.5577],[113.9677,-8.5794],[113.9611,-8.6167],[114.0039,-8.5896],[114.0299,-8.5994],[114.0316,-8.6297],[114.0961,-8.6147],[114.2207,-8.6448],[114.229,-8.6017],[114.2489,-8.5998],[114.3123,-8.6208],[114.3732,-8.6778],[114.3725,-8.7158],[114.345,-8.7425],[114.5324,-8.7802],[114.5748,-8.7702],[114.6053,-8.7173],[114.5623,-8.6566],[114.5143,-8.6501],[114.4728,-8.6175],[114.4421,-8.6344],[114.4013,-8.5433],[114.4093,-8.5095],[114.3856,-8.5052],[114.3733,-8.5353],[114.3524,-8.5297],[114.3705,-8.4791],[114.3407,-8.4171],[114.3902,-8.2344],[114.3802,-8.2041],[114.3982,-8.1233],[114.4301,-8.0649],[114.4233,-7.9173],[114.4645,-7.8861],[114.453,-7.8036],[114.3794,-7.7565],[114.2957,-7.7482],[114.2385,-7.6977],[114.2081,-7.7178],[114.1012,-7.7023],[114.0466,-7.609],[113.9735,-7.6507],[113.9305,-7.7008],[113.8399,-7.6848],[113.7938,-7.729],[113.7511,-7.7357],[113.7129,-7.7089],[113.6678,-7.7366],[113.4856,-7.6989],[113.4385,-7.7341],[113.2771,-7.7821],[113.2237,-7.736],[113.1505,-7.7392],[113.1081,-7.7207],[113.0501,-7.6575],[112.9927,-7.6575],[112.9582,-7.6226],[112.8887,-7.6159],[112.8685,-7.5769],[112.873,-7.5376],[112.8188,-7.4721],[112.8415,-7.4774],[112.8463,-7.2856],[112.7747,-7.2015],[112.685,-7.2256],[112.6601,-7.2078],[112.6707,-7.1731],[112.6226,-7.1108],[112.6504,-7.0201],[112.6088,-6.9798],[112.5927,-6.9291],[112.6197,-6.91],[112.6034,-6.8805],[112.5843,-6.8889],[112.5561,-6.847],[112.524,-6.8644],[112.5398,-6.8767],[112.5203,-6.9057],[112.423,-6.864],[112.3877,-6.8759],[112.3311,-6.8616],[112.223,-6.8726],[112.167,-6.8987],[112.0702,-6.8943],[111.9609,-6.7605],[111.8293,-6.8001],[111.6914,-6.7542],[111.6689,-6.7639],[111.6555,-6.8271],[111.6147,-6.8326],[111.6023,-6.9117],[111.5775,-6.9171],[111.5709,-6.9561],[111.6226,-6.9895],[111.612,-7.1384],[111.5872,-7.1856],[111.5224,-7.237],[111.4553,-7.2572],[111.4235,-7.3088],[111.4574,-7.3246],[111.4533,-7.3714],[111.2843,-7.2887],[111.2436,-7.285],[111.2224,-7.2531],[111.1503,-7.2602],[111.1352,-7.299],[111.1553,-7.3133],[111.1195,-7.4097],[111.1519,-7.4978],[111.1525,-7.5618],[111.1964,-7.6093],[111.1824,-7.6909],[111.2365,-7.7503],[111.2745,-7.7375],[111.3034,-7.8383],[111.2972,-7.8769],[111.2661,-7.9346],[111.2309,-7.9482],[111.2275,-7.9342],[111.1544,-7.922],[111.1256,-7.9703],[111.135,-8.0212],[111.1115,-8.0631],[111.0796,-8.0427],[111.0342,-8.0793],[110.9534,-8.0617],[110.8953,-8.1667],[110.9001,-8.2113]]],[[[112.5944,-5.8538],[112.7184,-5.8429],[112.7415,-5.7886],[112.7262,-5.7371],[112.6812,-5.7178],[112.6702,-5.7372],[112.6152,-5.749],[112.5765,-5.8278],[112.5944,-5.8538]]],[[[113.2992,-8.4454],[113.2709,-8.4669],[113.269,-8.4969],[113.3071,-8.5091],[113.3998,-8.4961],[113.4102,-8.4797],[113.4005,-8.4574],[113.2992,-8.4454]]],[[[112.6917,-7.1545],[112.7225,-7.1753],[112.865,-7.1621],[113.1006,-7.2289],[113.152,-7.2057],[113.1778,-7.2274],[113.4736,-7.2218],[113.5022,-7.2291],[113.5128,-7.2535],[113.5492,-7.2326],[113.6068,-7.1261],[113.6534,-7.1278],[113.6777,-7.1091],[113.8862,-7.1341],[113.8891,-7.1081],[113.8688,-7.0955],[113.8918,-7.0612],[113.9207,-7.0429],[113.9411,-7.0573],[113.9919,-7.0073],[114.1237,-6.9786],[114.0831,-6.9253],[113.9076,-6.8634],[113.7957,-6.8859],[113.4841,-6.8965],[113.0105,-6.881],[112.858,-6.8935],[112.7232,-7.0386],[112.6827,-7.0322],[112.6742,-7.074],[112.7064,-7.0982],[112.6917,-7.1545]]],[[[113.7791,-7.2288],[113.8122,-7.2207],[113.7754,-7.2092],[113.7791,-7.2288]]],[[[113.9327,-7.1911],[113.9269,-7.1753],[113.8834,-7.1933],[113.8869,-7.2118],[113.9327,-7.1911]]],[[[114.6024,-7.1613],[114.6069,-7.1371],[114.476,-7.1411],[114.4816,-7.1576],[114.551,-7.1417],[114.6024,-7.1613]]],[[[114.3829,-7.1811],[114.406,-7.1697],[114.3678,-7.0842],[114.3285,-7.0553],[114.2966,-7.0629],[114.2754,-7.0829],[114.2952,-7.1424],[114.3829,-7.1811]]],[[[114.0648,-7.1048],[114.049,-7.0744],[113.9362,-7.0735],[113.9918,-7.1066],[114.0648,-7.1048]]],[[[115.4645,-6.9914],[115.4674,-6.9768],[115.4255,-6.9852],[115.4645,-6.9914]]],[[[115.353,-6.9419],[115.3974,-6.907],[115.4088,-6.9392],[115.4554,-6.9134],[115.461,-6.9322],[115.5482,-6.9661],[115.5712,-6.9423],[115.5596,-6.9063],[115.4365,-6.8466],[115.2437,-6.8281],[115.2531,-6.8622],[115.2378,-6.8852],[115.2066,-6.8897],[115.2027,-6.9369],[115.2567,-6.9535],[115.2799,-7.0033],[115.3091,-6.9749],[115.331,-6.9946],[115.404,-6.988],[115.353,-6.9419]]],[[[114.4313,-5.5459],[114.3943,-5.5421],[114.3936,-5.5643],[114.4346,-5.5881],[114.4518,-5.547],[114.4313,-5.5459]]],[[[114.4205,-5.429],[114.4097,-5.4394],[114.4245,-5.46],[114.4396,-5.4501],[114.4205,-5.429]]],[[[115.7903,-7.1156],[115.7413,-7.1531],[115.7552,-7.1721],[115.8385,-7.2065],[115.8934,-7.1925],[115.9018,-7.1274],[115.8874,-7.1203],[115.8723,-7.1567],[115.8431,-7.1626],[115.7936,-7.1388],[115.7903,-7.1156]]],[[[115.634,-7.0544],[115.6004,-7.0366],[115.5999,-7.0507],[115.634,-7.0544]]],[[[115.5448,-6.999],[115.5195,-6.9978],[115.5339,-7.033],[115.5448,-6.999]]],[[[115.6028,-6.9487],[115.5865,-6.9397],[115.5653,-6.9601],[115.5729,-6.9756],[115.6153,-7.003],[115.6681,-7.0048],[115.675,-6.9903],[115.6028,-6.9487]]]]}},{"type":"Feature","properties":{"code":"61","name":"Kalimantan Barat","bbox":[108.6928,-3.0395,114.2055,2.065]},"geometry":{"type":"MultiPolygon","coordinates":[[[[108.7501,-1.7009],[108.7038,-1.7048],[108.7158,-1.7267],[108.7532,-1.7163],[108.7501,-1.7009]]],[[[108.9517,-1.5658],[108.8991,-1.5352],[108.8726,-1.5684],[108.7993,-1.5719],[108.8389,-1.6337],[108.8306,-1.6655],[108.8577,-1.6771],[108.9575,-1.6394],[108.9826,-1.6008],[108.9517,-1.5658]]],[[[108.7065,0.8022],[108.6928,0.7964],[108.7086,0.7438],[108.7273,0.7457],[108.7065,0.8022]]],[[[109.2627,-1.1858],[109.227,-1.2009],[109.2326,-1.2439],[109.2709,-1.209],[109.2627,-1.1858]]],[[[109.1299,-0.2027],[109.056,-0.2274],[109.061,-0.28],[109.0936,-0.3314],[109.0833,-0.2701],[109.1931,-0.2188],[109.1299,-0.2027]]],[[[109.1292,-0.1763],[109.1027,-0.1686],[109.0922,-0.1932],[109.1585,-0.2078],[109.1604,-0.1885],[109.1292,-0.1763]]],[[[109.1577,-0.1849],[109.1328,-0.1481],[109.126,-0.1669],[109.1577,-0.1849]]],[[[109.1254,-0.153],[109.1124,-0.117],[109.0937,-0.1304],[109.1132,-0.1664],[109.1254,-0.153]]],[[[109.1796,-0.1197],[109.1643,-0.0614],[109.124,-0.1159],[109.1763,-0.1945],[109.1796,-0.1197]]],[[[109.3665,-0.8779],[109.3345,-0.8754],[109.3037,-0.9021],[109.4058,-0.9324],[109.4182,-0.9172],[109.3665,-0.8779]]],[[[109.4132,-0.8728],[109.386,-0.8847],[109.4206,-0.913],[109.4132,-0.8728]]],[[[109.2411,-0.8202],[109.3002,-0.9005],[109.3347,-0.8724],[109.3827,-0.8808],[109.4288,-0.8564],[109.5572,-0.8879],[109.5936,-0.9088],[109.6223,-0.9785],[109.6834,-1.0139],[109.7215,-0.9736],[109.7197,-0.9189],[109.7439,-0.9013],[109.7125,-0.8339],[109.6761,-0.8321],[109.5582,-0.7483],[109.4664,-0.7549],[109.391,-0.707],[109.3064,-0.7024],[109.2486,-0.6612],[109.2411,-0.8202]]],[[[109.533,-0.703],[109.4912,-0.7012],[109.4765,-0.732],[109.5422,-0.7312],[109.5592,-0.7152],[109.533,-0.703]]],[[[109.4555,-0.6746],[109.425,-0.6816],[109.4581,-0.7188],[109.483,-0.7166],[109.4896,-0.6968],[109.4555,-0.6746]]],[[[109.4929,-0.6264],[109.4606,-0.6307],[109.5034,-0.6949],[109.5467,-0.7031],[109.5809,-0.6794],[109.5837,-0.6532],[109.5449,-0.6545],[109.4929,-0.6264]]],[[[109.3677,-0.6194],[109.3512,-0.6356],[109.4048,-0.6723],[109.4493,-0.6602],[109.3677,-0.6194]]],[[[109.457,-0.6377],[109.4274,-0.6425],[109.4734,-0.6693],[109.4757,-0.6467],[109.457,-0.6377]]],[[[110.1184,-2.6789],[110.0985,-2.6744],[110.0451,-2.7485],[110.0825,-2.7613],[110.1217,-2.7486],[110.1184,-2.6789]]],[[[109.6836,-1.2074],[109.78,-1.1447],[109.7559,-1.0151],[109.7177,-0.9893],[109.6857,-1.0192],[109.6423,-1.0117],[109.6377,-0.987],[109.5996,-0.9815],[109.5523,-1.0033],[109.4876,-0.9738],[109.4509,-1.0312],[109.4249,-1.2056],[109.3796,-1.2554],[109.4312,-1.294],[109.5036,-1.3077],[109.6836,-1.2074]]],[[[109.5852,-0.7393],[109.5688,-0.7594],[109.6355,-0.7911],[109.626,-0.7513],[109.5852,-0.7393]]],[[[109.6952,-0.718],[109.6488,-0.7191],[109.6078,-0.7449],[109.6594,-0.7488],[109.6952,-0.718]]],[[[109.5794,-0.7189],[109.5992,-0.7437],[109.6067,-0.7266],[109.5794,-0.7189]]],[[[109.6614,-0.7009],[109.6028,-0.7045],[109.6086,-0.7302],[109.6604,-0.7241],[109.6614,-0.7009]]],[[[109.6682,-0.6887],[109.5738,-0.6921],[109.569,-0.7079],[109.6682,-0.6887]]],[[[110.1844,-2.8664],[110.1687,-2.8525],[110.1467,-2.8986],[110.172,-2.915],[110.2006,-2.8933],[110.1844,-2.8664]]],[[[114.2055,1.4102],[114.1425,1.4661],[113.9747,1.4498],[113.8147,1.3663],[113.8294,1.3344],[113.8037,1.3004],[113.7035,1.2664],[113.6646,1.2243],[113.6325,1.2193],[113.6252,1.2532],[113.5376,1.3226],[113.4276,1.2861],[113.3698,1.3236],[113.3559,1.357],[113.2411,1.3926],[113.1831,1.377],[113.0971,1.4432],[113.015,1.4052],[112.9811,1.4081],[112.9859,1.4523],[113.0413,1.4749],[113.0317,1.4914],[113.0682,1.5405],[113.0343,1.5664],[112.9236,1.5709],[112.8946,1.5884],[112.8456,1.5401],[112.812,1.5405],[112.7746,1.5638],[112.6769,1.5546],[112.6629,1.5686],[112.486,1.5796],[112.4448,1.5393],[112.3293,1.5084],[112.2876,1.4735],[112.2122,1.4495],[112.2118,1.4059],[112.2323,1.3792],[112.1707,1.2817],[112.1429,1.135],[111.9973,1.1396],[111.9353,1.1221],[111.9257,1.0925],[111.8869,1.0787],[111.8594,1.0039],[111.818,0.9863],[111.7719,1.0162],[111.7174,1.0068],[111.6676,1.0432],[111.5962,1.0091],[111.581,0.979],[111.5488,0.9884],[111.551,0.9565],[111.5209,0.9583],[111.4887,1.0353],[111.4134,1.0076],[111.2521,1.063],[111.2315,1.0862],[111.1383,1.0505],[110.9069,1.0292],[110.8856,0.9781],[110.8062,0.938],[110.81,0.8999],[110.7618,0.9234],[110.7556,0.8993],[110.7163,0.9061],[110.6753,0.8763],[110.5535,0.8595],[110.4445,0.9095],[110.4407,0.9382],[110.4054,0.953],[110.3964,0.9977],[110.3626,0.9851],[110.3438,1.0063],[110.2763,0.9967],[110.2793,1.0523],[110.2603,1.0576],[110.2474,1.1086],[110.2105,1.1186],[110.193,1.1829],[110.0972,1.199],[110.0866,1.2179],[110.0651,1.209],[110.064,1.263],[109.9797,1.2992],[109.9635,1.4028],[109.9303,1.425],[109.8376,1.4218],[109.8382,1.4757],[109.8013,1.4695],[109.7986,1.5047],[109.662,1.6174],[109.6855,1.7821],[109.6228,1.8033],[109.5863,1.7919],[109.5401,1.9265],[109.567,1.9457],[109.5602,1.9712],[109.6204,1.9831],[109.6382,2.0277],[109.6255,2.065],[109.5927,1.9965],[109.3376,1.9433],[109.3232,1.9213],[109.3406,1.8838],[109.3351,1.8288],[109.2912,1.7813],[109.2516,1.6597],[109.0603,1.526],[109.0369,1.4572],[109.0433,1.3635],[108.9599,1.2045],[108.979,1.1847],[108.903,1.1628],[108.9668,1.0445],[108.9785,0.9809],[108.9489,0.8993],[108.8406,0.8147],[108.8774,0.7761],[108.875,0.7085],[108.9286,0.6239],[108.9075,0.5051],[108.9443,0.4354],[108.944,0.3822],[108.9134,0.3396],[109.0866,0.251],[109.1159,0.2157],[109.1431,0.119],[109.1944,0.0609],[109.1685,0.0285],[109.1601,-0.0461],[109.188,-0.0918],[109.1937,-0.2222],[109.0897,-0.2735],[109.1143,-0.3428],[109.0976,-0.3619],[109.1317,-0.5471],[109.15,-0.5691],[109.2017,-0.5516],[109.2287,-0.5908],[109.2591,-0.5993],[109.3742,-0.5846],[109.4184,-0.6313],[109.495,-0.6244],[109.5844,-0.6508],[109.596,-0.6936],[109.6677,-0.6839],[109.696,-0.718],[109.6315,-0.7567],[109.6354,-0.7956],[109.6784,-0.8291],[109.7132,-0.8293],[109.7578,-0.9042],[109.7272,-0.9218],[109.7322,-0.9876],[109.7689,-1.0031],[109.7676,-1.0329],[109.8035,-1.0494],[109.82,-1.0841],[109.9397,-1.1237],[109.9069,-1.2042],[109.9617,-1.277],[110.0185,-1.2883],[110.0717,-1.3776],[110.0358,-1.5228],[110.0331,-1.6636],[109.9841,-1.74],[109.9142,-1.7732],[109.9085,-1.8052],[109.9242,-1.8199],[109.9018,-1.8308],[110.0751,-1.9394],[110.1037,-1.9908],[110.1196,-2.0906],[110.0864,-2.2419],[110.1445,-2.3233],[110.1485,-2.4291],[110.1799,-2.4542],[110.1974,-2.5243],[110.1591,-2.6311],[110.2167,-2.6534],[110.2325,-2.6928],[110.2216,-2.7394],[110.2638,-2.7791],[110.2498,-2.8539],[110.2241,-2.8872],[110.2573,-2.9558],[110.3034,-2.9945],[110.4251,-2.8933],[110.5636,-2.8389],[110.6161,-2.8745],[110.6335,-2.9259],[110.6267,-3.0292],[110.6496,-3.0395],[110.7332,-2.9964],[110.7557,-2.9419],[110.794,-2.9121],[110.9615,-2.8596],[111.0333,-2.7857],[111.1486,-2.7401],[111.1739,-2.6877],[111.0994,-2.4667],[111.1172,-2.432],[111.1156,-2.3275],[111.0251,-2.226],[111.0695,-2.1145],[111.0584,-2.0593],[111.0872,-2.0461],[111.0789,-2.0094],[111.1014,-1.9886],[111.0864,-1.9654],[111.0107,-1.9697],[110.9919,-1.9555],[110.9486,-1.8685],[110.9689,-1.8139],[111.0263,-1.7522],[111.0221,-1.7136],[110.9944,-1.7069],[110.9943,-1.6501],[110.94,-1.6573],[110.9196,-1.6933],[110.8721,-1.6568],[110.8724,-1.6208],[110.9526,-1.5492],[110.9697,-1.552],[111.0063,-1.5036],[111.038,-1.5296],[111.0498,-1.5165],[111.0716,-1.5287],[111.1607,-1.433],[111.1807,-1.4768],[111.2,-1.4749],[111.2038,-1.4428],[111.2601,-1.4299],[111.2841,-1.3835],[111.3057,-1.3895],[111.3443,-1.3164],[111.4001,-1.2629],[111.5494,-1.2073],[111.5776,-1.1692],[111.5437,-1.1094],[111.5708,-1.059],[111.6161,-1.0563],[111.6414,-0.9679],[111.7237,-0.9427],[111.751,-0.9108],[111.8213,-0.9078],[111.8864,-0.8424],[111.9195,-0.8366],[111.9268,-0.7913],[111.9641,-0.811],[112.0226,-0.7911],[112.0561,-0.7686],[112.0834,-0.701],[112.1476,-0.7306],[112.1754,-0.7256],[112.1763,-0.6434],[112.2158,-0.6131],[112.2594,-0.6313],[112.3108,-0.7214],[112.3479,-0.7038],[112.385,-0.7137],[112.461,-0.6693],[112.5029,-0.7002],[112.5625,-0.6951],[112.6881,-0.6541],[112.7033,-0.6209],[112.7337,-0.6308],[112.7435,-0.5729],[112.8324,-0.5776],[112.8658,-0.5478],[112.9981,-0.5034],[113.0546,-0.5138],[113.131,-0.4522],[113.2182,-0.5062],[113.2711,-0.4245],[113.2205,-0.3335],[113.3054,-0.2542],[113.2908,-0.2087],[113.3307,-0.1513],[113.3857,-0.1317],[113.4432,-0.064],[113.4157,-0.0474],[113.4325,0.0095],[113.3958,0.0341],[113.414,0.116],[113.3145,0.1703],[113.2737,0.219],[113.2872,0.2492],[113.3569,0.2725],[113.4504,0.2635],[113.5863,0.3612],[113.5812,0.3978],[113.6554,0.4405],[113.6621,0.4924],[113.7981,0.5952],[113.8128,0.577],[113.8326,0.5876],[113.8486,0.6146],[113.8342,0.6217],[113.8393,0.6954],[113.8948,0.726],[113.8739,0.7759],[113.9265,0.8414],[113.8768,0.8796],[113.872,0.9153],[113.912,0.9684],[113.9155,1.0023],[113.8896,1.0475],[113.956,1.0739],[113.9852,1.1368],[114.0383,1.1455],[114.0512,1.1276],[114.1279,1.1567],[114.1499,1.1991],[114.1357,1.219],[114.1709,1.2644],[114.1489,1.2919],[114.1631,1.3091],[114.155,1.3744],[114.2055,1.4102]]]]}},{"type":"Feature","properties":{"code":"63","name":"Kalimantan Selatan","bbox":[114.352,-4.834,116.5553,-1.3126]},"geometry":{"type":"MultiPolygon","coordinates":[[[[115.8087,-4.8162],[115.8482,-4.7862],[115.8359,-4.7637],[115.7731,-4.834],[115.8087,-4.8162]]],[[[115.7486,-4.6995],[115.7188,-4.7062],[115.7246,-4.7186],[115.7486,-4.6995]]],[[[116.0532,-3.3789],[116.0679,-3.38],[116.0721,-3.35],[116.0532,-3.3789]]],[[[114.352,-3.4635],[114.4429,-3.5023],[114.4852,-3.4994],[114.513,-3.5425],[114.5545,-3.5567],[114.6149,-3.6487],[114.6213,-3.7211],[114.6024,-3.807],[114.6379,-4.0295],[114.6214,-4.1636],[114.6421,-4.1747],[114.7205,-4.1646],[115.0202,-4.0068],[115.7048,-3.7346],[115.819,-3.6392],[115.966,-3.61],[115.9929,-3.5715],[116.0311,-3.3644],[116.0848,-3.2855],[116.1739,-3.2523],[116.1658,-3.1645],[116.267,-3.1107],[116.1746,-3.0631],[116.1565,-3.0142],[116.1031,-3.0083],[116.0887,-2.9877],[116.1134,-2.9736],[116.105,-2.9173],[116.1293,-2.8908],[116.1404,-2.8323],[116.1496,-2.9355],[116.2088,-2.943],[116.2206,-3.0062],[116.2699,-3.0026],[116.3639,-2.8779],[116.3691,-2.6582],[116.4092,-2.59],[116.3461,-2.5599],[116.3295,-2.5827],[116.3166,-2.5309],[116.4555,-2.5035],[116.4755,-2.5121],[116.4805,-2.5713],[116.5109,-2.5617],[116.5305,-2.5377],[116.5553,-2.4088],[116.2679,-2.3383],[116.2363,-2.3279],[116.2358,-2.3091],[116.1625,-2.3066],[116.1134,-2.3376],[116.0427,-2.3259],[116.0355,-2.3091],[115.926,-2.3253],[115.8355,-2.3899],[115.817,-2.3172],[115.8328,-2.2975],[115.7857,-2.217],[115.8076,-2.0614],[115.721,-2.0624],[115.6949,-2.0404],[115.719,-1.9974],[115.7005,-1.9709],[115.7233,-1.9215],[115.728,-1.797],[115.6894,-1.8044],[115.687,-1.7584],[115.7071,-1.7332],[115.6652,-1.7067],[115.67,-1.6302],[115.6361,-1.6038],[115.6312,-1.5338],[115.6472,-1.5114],[115.6189,-1.4879],[115.6353,-1.4638],[115.688,-1.4468],[115.7588,-1.3126],[115.6262,-1.3504],[115.5125,-1.452],[115.4675,-1.4341],[115.4544,-1.4616],[115.4408,-1.4504],[115.4276,-1.5023],[115.391,-1.5205],[115.3581,-1.5924],[115.3741,-1.6527],[115.3469,-1.6746],[115.3083,-1.8486],[115.321,-1.8923],[115.3926,-1.893],[115.441,-1.9423],[115.4161,-2.0128],[115.3969,-2.0131],[115.3919,-2.05],[115.3636,-2.0442],[115.3549,-2.0947],[115.2985,-2.1424],[115.2965,-2.2163],[115.2477,-2.2122],[115.107,-2.3056],[115.0891,-2.3486],[114.9349,-2.4416],[114.8037,-2.5812],[114.787,-2.6822],[114.7622,-2.7202],[114.6785,-2.7391],[114.6644,-2.8006],[114.5977,-2.8156],[114.6153,-2.8845],[114.5989,-2.8908],[114.5672,-2.864],[114.5611,-2.8775],[114.5963,-2.8965],[114.59,-2.9097],[114.5538,-2.8919],[114.5442,-2.949],[114.5052,-2.9997],[114.5458,-3.0678],[114.4237,-3.1799],[114.4495,-3.2096],[114.4359,-3.2426],[114.358,-3.3222],[114.352,-3.4635]]],[[[116.1001,-4.0604],[116.1091,-4.0348],[116.1491,-4.0303],[116.2069,-3.9534],[116.2721,-3.9076],[116.31,-3.9152],[116.2719,-3.8209],[116.3367,-3.7258],[116.2994,-3.7086],[116.2895,-3.6169],[116.3061,-3.59],[116.2729,-3.553],[116.2742,-3.5235],[116.3142,-3.4795],[116.2531,-3.3886],[116.2813,-3.2227],[116.2575,-3.21],[116.1139,-3.3081],[116.0461,-3.4688],[116.0366,-3.582],[116.0024,-3.6379],[116.0242,-3.7296],[116.0817,-3.8334],[116.0599,-3.8735],[116.0786,-3.9255],[116.0389,-4.0224],[116.1001,-4.0604]]],[[[116.1508,-2.9905],[116.1697,-3.038],[116.1769,-2.9984],[116.1508,-2.9905]]],[[[116.403,-3.5952],[116.4346,-3.4218],[116.4314,-3.3675],[116.4086,-3.3607],[116.3902,-3.4135],[116.3452,-3.4516],[116.3134,-3.5513],[116.3431,-3.5682],[116.3625,-3.6522],[116.3839,-3.6485],[116.403,-3.5952]]]]}},{"type":"Feature","properties":{"code":"62","name":"Kalimantan Tengah","bbox":[110.7332,-3.539,115.8494,0.7729]},"geometry":{"type":"MultiPolygon","coordinates":[[[[110.7332,-2.9964],[110.8004,-2.9767],[110.9775,-3.0662],[111.1337,-3.0182],[111.3313,-2.9122],[111.3904,-2.9197],[111.4121,-2.9035],[111.4899,-2.9454],[111.5547,-3.011],[111.6904,-2.9418],[111.6981,-2.9246],[111.6693,-2.8943],[111.7178,-2.847],[111.814,-3.0012],[111.825,-3.0506],[111.7979,-3.2039],[111.8198,-3.3745],[111.7719,-3.5094],[111.8408,-3.539],[111.9218,-3.5274],[112.0847,-3.403],[112.2564,-3.3136],[112.3359,-3.3152],[112.5632,-3.4468],[112.9385,-3.2261],[113.0094,-3.1602],[112.9476,-3.1307],[112.9454,-3.1023],[113.047,-2.974],[113.0971,-3.0398],[113.1679,-3.0693],[113.3366,-3.2748],[113.4276,-3.2365],[113.4504,-3.1904],[113.5404,-3.1623],[113.5995,-3.1658],[113.6302,-3.2633],[113.6305,-3.3324],[113.5863,-3.446],[113.6278,-3.465],[113.7857,-3.4606],[113.9494,-3.3709],[114.0438,-3.3457],[114.0473,-3.3192],[114.1348,-3.3825],[114.1832,-3.3934],[114.2432,-3.3677],[114.2546,-3.4034],[114.352,-3.4635],[114.358,-3.3222],[114.4359,-3.2426],[114.4495,-3.2096],[114.4237,-3.1799],[114.5458,-3.0678],[114.5052,-2.9997],[114.5442,-2.949],[114.5538,-2.8919],[114.59,-2.9097],[114.5963,-2.8965],[114.5611,-2.8775],[114.5672,-2.864],[114.5989,-2.8908],[114.6153,-2.8845],[114.5977,-2.8156],[114.6644,-2.8006],[114.6785,-2.7391],[114.7622,-2.7202],[114.787,-2.6822],[114.8037,-2.5812],[114.9349,-2.4416],[115.0891,-2.3486],[115.107,-2.3056],[115.2477,-2.2122],[115.2965,-2.2163],[115.2985,-2.1424],[115.3549,-2.0947],[115.3636,-2.0442],[115.3919,-2.05],[115.3969,-2.0131],[115.4161,-2.0128],[115.441,-1.9423],[115.3926,-1.893],[115.321,-1.8923],[115.3083,-1.8486],[115.3469,-1.6746],[115.3741,-1.6527],[115.3581,-1.5924],[115.391,-1.5205],[115.4276,-1.5023],[115.4408,-1.4504],[115.4544,-1.4616],[115.4675,-1.4341],[115.5125,-1.452],[115.6262,-1.3504],[115.7588,-1.3126],[115.7772,-1.2312],[115.8494,-1.1718],[115.842,-1.0963],[115.8198,-1.0886],[115.7664,-1.1377],[115.6792,-1.0089],[115.6246,-1.0166],[115.6225,-0.9611],[115.5545,-0.8598],[115.4164,-0.8746],[115.4058,-0.8522],[115.3764,-0.8755],[115.2882,-0.7951],[115.3008,-0.745],[115.3466,-0.7204],[115.3338,-0.6832],[115.378,-0.6398],[115.3565,-0.6134],[115.3809,-0.5722],[115.3367,-0.5435],[115.2904,-0.5554],[115.3071,-0.486],[115.2735,-0.4548],[115.2336,-0.3633],[115.2299,-0.306],[115.2538,-0.3009],[115.2566,-0.2407],[115.2981,-0.2077],[115.256,-0.1823],[115.257,-0.1607],[115.3096,-0.1178],[115.309,-0.0805],[115.2913,-0.0781],[115.2808,-0.0456],[115.166,-0.0872],[115.1499,-0.1391],[115.0512,-0.1598],[115.0392,-0.24],[114.9811,-0.2755],[114.9204,-0.2334],[114.921,-0.1003],[114.8924,-0.0259],[114.874,-0.0159],[114.8238,-0.0362],[114.7953,0.0114],[114.7089,0.074],[114.7719,0.1219],[114.7625,0.1464],[114.8298,0.1916],[114.8196,0.2367],[114.8843,0.2785],[114.9026,0.3177],[115.0229,0.3304],[115.0401,0.2985],[115.1245,0.37],[115.1374,0.4255],[115.0883,0.4643],[115.0135,0.5993],[114.9856,0.7317],[114.9433,0.7729],[114.9108,0.7704],[114.8748,0.7424],[114.8319,0.7546],[114.7161,0.7012],[114.6584,0.6985],[114.5979,0.6318],[114.5406,0.6204],[114.5457,0.5852],[114.5245,0.5628],[114.489,0.57],[114.4303,0.5416],[114.3768,0.5596],[114.3587,0.548],[114.3641,0.5302],[114.2438,0.5226],[114.2031,0.5401],[114.1947,0.5824],[114.1508,0.5843],[114.1767,0.6104],[114.176,0.6418],[114.158,0.6777],[114.1231,0.6954],[114.0274,0.67],[114.0039,0.6411],[113.975,0.6607],[113.9213,0.644],[113.8418,0.6577],[113.8342,0.6217],[113.8486,0.6146],[113.8326,0.5876],[113.8128,0.577],[113.7981,0.5952],[113.6621,0.4924],[113.6554,0.4405],[113.5812,0.3978],[113.5863,0.3612],[113.5533,0.3331],[113.4504,0.2635],[113.3569,0.2725],[113.2872,0.2492],[113.2737,0.219],[113.3145,0.1703],[113.414,0.116],[113.3958,0.0341],[113.4325,0.0095],[113.4157,-0.0474],[113.4432,-0.064],[113.3857,-0.1317],[113.3307,-0.1513],[113.2908,-0.2087],[113.3054,-0.2542],[113.2205,-0.3335],[113.2711,-0.4245],[113.2182,-0.5062],[113.131,-0.4522],[113.0546,-0.5138],[112.9981,-0.5034],[112.8658,-0.5478],[112.8324,-0.5776],[112.7435,-0.5729],[112.7337,-0.6308],[112.7033,-0.6209],[112.6881,-0.6541],[112.5625,-0.6951],[112.5029,-0.7002],[112.461,-0.6693],[112.385,-0.7137],[112.3479,-0.7038],[112.3108,-0.7214],[112.2594,-0.6313],[112.2158,-0.6131],[112.1763,-0.6434],[112.1754,-0.7256],[112.1476,-0.7306],[112.0834,-0.701],[112.0561,-0.7686],[112.0226,-0.7911],[111.9641,-0.811],[111.9268,-0.7913],[111.9195,-0.8366],[111.8864,-0.8424],[111.8213,-0.9078],[111.751,-0.9108],[111.7237,-0.9427],[111.6414,-0.9679],[111.6161,-1.0563],[111.5708,-1.059],[111.5437,-1.1094],[111.5776,-1.1692],[111.5494,-1.2073],[111.4001,-1.2629],[111.3443,-1.3164],[111.3057,-1.3895],[111.2841,-1.3835],[111.2601,-1.4299],[111.2038,-1.4428],[111.2,-1.4749],[111.1807,-1.4768],[111.1607,-1.433],[111.0716,-1.5287],[111.0498,-1.5165],[111.038,-1.5296],[111.0063,-1.5036],[110.9697,-1.552],[110.8865,-1.6003],[110.8721,-1.6568],[110.9196,-1.6933],[110.94,-1.6573],[110.9943,-1.6501],[110.9944,-1.7069],[111.0221,-1.7136],[111.0141,-1.7818],[110.9534,-1.844],[110.9647,-1.9098],[111.0107,-1.9697],[111.0864,-1.9654],[111.1014,-1.9886],[111.0789,-2.0094],[111.0872,-2.0461],[111.0584,-2.0593],[111.0695,-2.1145],[111.0251,-2.226],[111.1156,-2.3275],[111.1172,-2.432],[111.0994,-2.4667],[111.1739,-2.6877],[111.1486,-2.7401],[111.0333,-2.7857],[110.9615,-2.8596],[110.794,-2.9121],[110.7557,-2.9419],[110.7332,-2.9964]]],[[[113.4027,-3.2616],[113.3967,-3.2495],[113.3589,-3.2788],[113.3739,-3.3015],[113.4027,-3.2616]]]]}},{"type":"Feature","properties":{"code":"64","name":"Kalimantan Timur","bbox":[113.8393,-2.4088,118.9888,2.5647]},"geometry":{"type":"MultiPolygon","coordinates":[[[[116.519,-2.1388],[116.5022,-2.1093],[116.4611,-2.1327],[116.3931,-2.1269],[116.3865,-2.1855],[116.4027,-2.205],[116.4519,-2.1901],[116.5243,-2.1549],[116.519,-2.1388]]],[[[117.3437,-0.7823],[117.3313,-0.8046],[117.3477,-0.8262],[117.311,-0.8563],[117.3291,-0.9049],[117.3579,-0.8971],[117.3733,-0.84],[117.3437,-0.7823]]],[[[117.2975,-0.8084],[117.2765,-0.8582],[117.2938,-0.8718],[117.2975,-0.8084]]],[[[117.3037,-0.6973],[117.2912,-0.7841],[117.3085,-0.839],[117.3429,-0.8299],[117.3157,-0.7994],[117.3037,-0.6973]]],[[[113.8418,0.6577],[113.9213,0.644],[113.975,0.6607],[114.0039,0.6411],[114.0274,0.67],[114.1231,0.6954],[114.158,0.6777],[114.176,0.6418],[114.1767,0.6104],[114.1508,0.5843],[114.1947,0.5824],[114.2031,0.5401],[114.2438,0.5226],[114.3641,0.5302],[114.3587,0.548],[114.3768,0.5596],[114.4303,0.5416],[114.489,0.57],[114.5245,0.5628],[114.5457,0.5852],[114.5406,0.6204],[114.5979,0.6318],[114.6584,0.6985],[114.7161,0.7012],[114.8319,0.7546],[114.8748,0.7424],[114.9108,0.7704],[114.9433,0.7729],[114.9856,0.7317],[115.0135,0.5993],[115.0883,0.4643],[115.1374,0.4255],[115.1245,0.37],[115.0401,0.2985],[115.0229,0.3304],[114.9026,0.3177],[114.8843,0.2785],[114.8196,0.2367],[114.8298,0.1916],[114.7625,0.1464],[114.7719,0.1219],[114.7089,0.074],[114.7953,0.0114],[114.8238,-0.0362],[114.874,-0.0159],[114.8924,-0.0259],[114.921,-0.1003],[114.9204,-0.2334],[114.9811,-0.2755],[115.0392,-0.24],[115.0512,-0.1598],[115.1499,-0.1391],[115.166,-0.0872],[115.2808,-0.0456],[115.2913,-0.0781],[115.309,-0.0805],[115.3096,-0.1178],[115.257,-0.1607],[115.256,-0.1823],[115.2981,-0.2077],[115.2566,-0.2407],[115.2538,-0.3009],[115.2299,-0.306],[115.2336,-0.3633],[115.2735,-0.4548],[115.3071,-0.486],[115.2904,-0.5554],[115.3367,-0.5435],[115.3809,-0.5722],[115.3565,-0.6134],[115.378,-0.6398],[115.3338,-0.6832],[115.3466,-0.7204],[115.3008,-0.745],[115.2882,-0.7951],[115.3764,-0.8755],[115.4058,-0.8522],[115.4164,-0.8746],[115.5545,-0.8598],[115.6225,-0.9611],[115.6246,-1.0166],[115.6792,-1.0089],[115.7664,-1.1377],[115.8198,-1.0886],[115.842,-1.0963],[115.8494,-1.1718],[115.7772,-1.2312],[115.7588,-1.3126],[115.688,-1.4468],[115.6353,-1.4638],[115.6189,-1.4879],[115.6472,-1.5114],[115.6312,-1.5338],[115.6361,-1.6038],[115.67,-1.6302],[115.6652,-1.7067],[115.7071,-1.7332],[115.687,-1.7584],[115.6894,-1.8044],[115.728,-1.797],[115.7233,-1.9215],[115.7005,-1.9709],[115.719,-1.9974],[115.6949,-2.0404],[115.721,-2.0624],[115.8076,-2.0614],[115.7857,-2.217],[115.8328,-2.2975],[115.817,-2.3172],[115.8355,-2.3899],[115.926,-2.3253],[116.0355,-2.3091],[116.0427,-2.3259],[116.1134,-2.3376],[116.1625,-2.3066],[116.2358,-2.3091],[116.2363,-2.3279],[116.2679,-2.3383],[116.5553,-2.4088],[116.5954,-2.2029],[116.5873,-2.1722],[116.5414,-2.2105],[116.5526,-2.176],[116.5144,-2.1656],[116.4005,-2.2144],[116.3851,-2.1905],[116.3889,-2.1166],[116.3604,-2.1106],[116.4577,-2.0622],[116.4579,-1.929],[116.4266,-1.8522],[116.4466,-1.8276],[116.4503,-1.773],[116.3756,-1.7624],[116.2634,-1.8106],[116.2452,-1.8028],[116.2462,-1.7793],[116.3129,-1.7042],[116.4922,-1.6428],[116.5576,-1.6019],[116.53,-1.5088],[116.5558,-1.4479],[116.7621,-1.3621],[116.7781,-1.2442],[116.7418,-1.2181],[116.7669,-1.1871],[116.7016,-1.1194],[116.7247,-1.0793],[116.7223,-1.0389],[116.7384,-1.037],[116.7289,-1.1016],[116.7686,-1.129],[116.7837,-1.2115],[116.8163,-1.2373],[116.8115,-1.2819],[116.8843,-1.2766],[117.0002,-1.2007],[117.0226,-1.1409],[117.1575,-0.9688],[117.2488,-0.9072],[117.25,-0.831],[117.2817,-0.791],[117.3028,-0.6787],[117.276,-0.5769],[117.3676,-0.5692],[117.4123,-0.5392],[117.4529,-0.4624],[117.4284,-0.3986],[117.4367,-0.3797],[117.4578,-0.3871],[117.4629,-0.364],[117.4197,-0.213],[117.4428,-0.2007],[117.4817,-0.069],[117.5177,-0.0315],[117.4991,0.0601],[117.4724,0.0656],[117.5216,0.1248],[117.4854,0.1727],[117.5281,0.2203],[117.5237,0.3178],[117.5519,0.335],[117.5591,0.4176],[117.5859,0.4055],[117.6121,0.4324],[117.6011,0.4759],[117.6735,0.6156],[117.7073,0.623],[117.7113,0.6973],[117.752,0.7564],[117.9155,0.8363],[117.9238,0.806],[117.9685,0.7753],[118.0249,0.7774],[118.0105,0.8845],[117.945,1.0326],[117.9221,1.0662],[117.8971,1.0673],[117.8945,1.1231],[117.9843,1.0575],[118.0043,0.971],[118.0445,0.9502],[118.0646,0.9035],[118.322,0.8488],[118.3675,0.8062],[118.4428,0.8444],[118.5464,0.8084],[118.5933,0.8118],[118.622,0.8449],[118.6775,0.8571],[118.7951,0.8017],[118.8648,0.8796],[118.8874,0.8725],[118.9643,0.9426],[118.9888,1.0225],[118.92,1.0642],[118.8368,1.0505],[118.8303,1.0983],[118.7823,1.1286],[118.7651,1.1998],[118.7138,1.2487],[118.5643,1.3642],[118.442,1.3756],[118.4072,1.4866],[118.3763,1.483],[118.3764,1.501],[118.1346,1.6339],[118.0525,1.7342],[118.0667,1.7618],[118.0481,1.7832],[117.911,1.8212],[117.8897,1.8727],[117.8321,1.9115],[117.8221,2.011],[117.7702,2.0124],[117.7379,2.0447],[117.7182,2.0264],[117.7019,2.036],[117.6917,2.0572],[117.7184,2.0598],[117.7237,2.1367],[117.6899,2.1809],[117.8944,2.1959],[117.9069,2.2112],[117.9333,2.181],[118.0208,2.1979],[118.0982,2.2847],[118.0655,2.358],[118.0214,2.36],[117.9882,2.4351],[117.9183,2.3936],[117.8638,2.3929],[117.8219,2.3613],[117.8116,2.3264],[117.7469,2.3269],[117.6128,2.5199],[117.5721,2.5015],[117.4954,2.532],[117.457,2.504],[117.4153,2.5014],[117.3881,2.5598],[117.3638,2.5387],[117.3082,2.5338],[117.2699,2.4829],[117.2296,2.4797],[117.1922,2.4957],[117.2148,2.5647],[117.172,2.5619],[117.1337,2.5362],[117.0485,2.548],[117.0155,2.4977],[117.024,2.4598],[116.9821,2.433],[116.9242,2.5049],[116.8771,2.4958],[116.8447,2.5195],[116.774,2.4979],[116.7144,2.3914],[116.6286,2.3938],[116.6276,2.4154],[116.5968,2.4185],[116.5572,2.4565],[116.4912,2.446],[116.5042,2.3481],[116.4667,2.3254],[116.4774,2.2919],[116.455,2.2769],[116.4021,2.2979],[116.3307,2.2838],[116.2898,2.2356],[116.3473,2.1621],[116.3154,2.1151],[116.2199,2.0925],[116.2311,2.0128],[116.1945,1.9857],[116.1991,1.9506],[116.1755,1.9028],[116.1848,1.8463],[116.1335,1.6681],[116.0687,1.6485],[116.0364,1.6061],[116.0414,1.5566],[116.0062,1.5246],[115.9648,1.5241],[115.9551,1.4894],[115.8543,1.434],[115.8569,1.4014],[115.807,1.3246],[115.7734,1.3077],[115.7645,1.2591],[115.6564,1.2896],[115.4875,1.2525],[115.4274,1.2228],[115.4049,1.1734],[115.4188,1.1586],[115.3807,1.1179],[115.3583,1.1196],[115.2781,1.1364],[115.2425,1.1809],[115.0992,1.1992],[115.0996,1.2443],[115.0781,1.2685],[115.0452,1.2675],[115.0169,1.348],[114.9018,1.419],[114.7948,1.3762],[114.7598,1.3261],[114.7225,1.3133],[114.6901,1.3599],[114.6168,1.3632],[114.6095,1.3896],[114.5723,1.3894],[114.5616,1.4338],[114.4143,1.5114],[114.3869,1.5186],[114.3791,1.4929],[114.2383,1.4483],[114.155,1.3744],[114.1631,1.3091],[114.1489,1.2919],[114.1709,1.2644],[114.1357,1.219],[114.1499,1.1991],[114.1279,1.1567],[114.0512,1.1276],[114.0383,1.1455],[113.9852,1.1368],[113.956,1.0739],[113.8896,1.0475],[113.9155,1.0023],[113.912,0.9684],[113.872,0.9153],[113.8768,0.8796],[113.9265,0.8414],[113.8739,0.7759],[113.8948,0.726],[113.8393,0.6954],[113.8418,0.6577]]],[[[117.363,-0.8905],[117.3928,-0.8778],[117.3755,-0.8472],[117.363,-0.8905]]],[[[117.3894,-0.7393],[117.3831,-0.7746],[117.4269,-0.8313],[117.44,-0.815],[117.3894,-0.7393]]],[[[117.442,-0.7812],[117.4065,-0.7531],[117.4107,-0.782],[117.442,-0.7812]]],[[[117.483,-0.7744],[117.4625,-0.7478],[117.4396,-0.7536],[117.4813,-0.7973],[117.483,-0.7744]]],[[[117.3751,-0.7178],[117.3781,-0.6938],[117.3005,-0.6289],[117.3334,-0.7559],[117.4031,-0.8627],[117.4356,-0.8705],[117.3723,-0.7517],[117.387,-0.731],[117.3751,-0.7178]]],[[[117.4547,-0.7835],[117.4305,-0.722],[117.3961,-0.6975],[117.3828,-0.7207],[117.4547,-0.7835]]],[[[117.4537,-0.6842],[117.435,-0.663],[117.4277,-0.6818],[117.388,-0.6924],[117.4406,-0.7296],[117.4537,-0.6842]]],[[[117.3313,-0.6351],[117.325,-0.6543],[117.3834,-0.6938],[117.3313,-0.6351]]],[[[117.4175,-0.6726],[117.4324,-0.6573],[117.3798,-0.6341],[117.3775,-0.6711],[117.3945,-0.6861],[117.4175,-0.6726]]],[[[117.4924,-0.6275],[117.4592,-0.632],[117.4723,-0.6597],[117.4887,-0.647],[117.5103,-0.663],[117.4924,-0.6275]]],[[[117.4167,-0.6231],[117.2855,-0.5831],[117.3258,-0.63],[117.3676,-0.6436],[117.3988,-0.63],[117.4752,-0.6653],[117.4572,-0.6342],[117.4167,-0.6231]]],[[[117.4314,-0.5874],[117.4087,-0.6057],[117.422,-0.6291],[117.4439,-0.6284],[117.4314,-0.5874]]],[[[117.4752,-0.5579],[117.3861,-0.5757],[117.3875,-0.5933],[117.4728,-0.6081],[117.5047,-0.5704],[117.4752,-0.5579]]],[[[117.5035,-0.529],[117.4374,-0.5437],[117.4401,-0.5619],[117.4986,-0.5563],[117.5035,-0.529]]],[[[117.5076,-0.4446],[117.5373,-0.3935],[117.5009,-0.4039],[117.5024,-0.4371],[117.466,-0.4821],[117.5076,-0.4446]]],[[[117.4997,-0.4302],[117.5002,-0.4003],[117.5397,-0.377],[117.5179,-0.3501],[117.4694,-0.4184],[117.4654,-0.481],[117.4997,-0.4302]]],[[[117.4556,-0.4265],[117.4939,-0.3467],[117.4773,-0.3292],[117.4581,-0.353],[117.4673,-0.3756],[117.4308,-0.3983],[117.4556,-0.4265]]],[[[117.4739,-0.7461],[117.5009,-0.7994],[117.5444,-0.8109],[117.5526,-0.7921],[117.4739,-0.7461]]],[[[117.4634,-0.703],[117.4461,-0.741],[117.4964,-0.748],[117.515,-0.7728],[117.5981,-0.7853],[117.6168,-0.7585],[117.6091,-0.7308],[117.5152,-0.7363],[117.4634,-0.703]]],[[[117.5106,-0.6662],[117.4871,-0.6596],[117.4743,-0.6863],[117.5282,-0.6898],[117.5306,-0.6709],[117.5106,-0.6662]]],[[[117.5016,-0.6139],[117.5261,-0.6536],[117.5574,-0.6529],[117.5688,-0.6263],[117.5016,-0.6139]]],[[[117.5046,-0.5465],[117.5087,-0.5962],[117.5525,-0.5978],[117.5781,-0.5776],[117.5858,-0.5222],[117.5488,-0.5054],[117.5319,-0.5292],[117.505,-0.5265],[117.5046,-0.5465]]],[[[117.6277,-0.4247],[117.5912,-0.4121],[117.4179,-0.5333],[117.4361,-0.5433],[117.575,-0.4876],[117.6204,-0.4613],[117.6277,-0.4247]]],[[[117.7801,2.08],[117.7665,2.0996],[117.7127,2.0792],[117.7154,2.0328],[117.7338,2.0526],[117.7641,2.0245],[117.799,2.0292],[117.7525,2.0573],[117.7801,2.08]]],[[[117.8043,2.153],[117.8021,2.1773],[117.7818,2.1826],[117.7296,2.1682],[117.7313,2.0891],[117.803,2.1217],[117.8043,2.153]]],[[[117.7676,2.1829],[117.7318,2.1829],[117.7643,2.1662],[117.7676,2.1829]]],[[[117.9847,0.9887],[117.9438,1.0581],[117.9672,0.9871],[117.9847,0.9887]]],[[[117.8715,1.9476],[117.876,1.9672],[117.8268,1.9376],[117.8604,1.8937],[117.8715,1.9476]]],[[[117.8553,1.9794],[117.8385,2.0069],[117.8161,1.9715],[117.8396,1.9518],[117.8631,1.9674],[117.8553,1.9794]]],[[[117.8656,2.0748],[117.8327,2.0961],[117.8042,2.0262],[117.9105,2.0455],[117.8656,2.0748]]],[[[117.8237,2.1084],[117.8013,2.1115],[117.7533,2.0574],[117.8054,2.0469],[117.8237,2.1084]]],[[[117.8856,2.0809],[117.9084,2.0829],[117.9003,2.1256],[117.8609,2.1441],[117.8297,2.1154],[117.8856,2.0809]]],[[[117.8902,2.155],[117.8282,2.1911],[117.8019,2.1841],[117.812,2.1226],[117.8668,2.1486],[117.9149,2.0991],[117.948,2.1147],[117.9461,2.1369],[117.8902,2.155]]],[[[117.8598,2.1624],[117.8803,2.1774],[117.8461,2.1904],[117.8598,2.1624]]],[[[117.9129,2.1595],[117.9275,2.1743],[117.9056,2.2067],[117.8948,2.1845],[117.9129,2.1595]]],[[[118.0124,0.7426],[118.0044,0.7166],[118.0211,0.7213],[118.0124,0.7426]]],[[[118.4696,1.4625],[118.4802,1.393],[118.5201,1.386],[118.4971,1.4443],[118.4696,1.4625]]],[[[118.5385,2.1588],[118.516,2.1608],[118.5186,2.1404],[118.539,2.1374],[118.5385,2.1588]]]]}},{"type":"Feature","properties":{"code":"65","name":"Kalimantan Utara","bbox":[114.5652,1.1179,117.9882,4.3915]},"geometry":{"type":"MultiPolygon","coordinates":[[[[114.5652,1.4262],[114.5723,1.3894],[114.6095,1.3896],[114.6168,1.3632],[114.6901,1.3599],[114.7225,1.3133],[114.7598,1.3261],[114.7948,1.3762],[114.9018,1.419],[115.0169,1.348],[115.0452,1.2675],[115.0781,1.2685],[115.0996,1.2443],[115.0992,1.1992],[115.2425,1.1809],[115.2781,1.1364],[115.3807,1.1179],[115.4188,1.1586],[115.4049,1.1734],[115.4274,1.2228],[115.4875,1.2525],[115.6564,1.2896],[115.7645,1.2591],[115.7734,1.3077],[115.807,1.3246],[115.8569,1.4014],[115.8543,1.434],[115.9551,1.4894],[115.9648,1.5241],[116.0062,1.5246],[116.0414,1.5566],[116.0364,1.6061],[116.0889,1.6616],[116.1335,1.6681],[116.1617,1.7441],[116.1945,1.9857],[116.2311,2.0128],[116.2199,2.0925],[116.3154,2.1151],[116.3473,2.1621],[116.2898,2.2356],[116.3574,2.2945],[116.455,2.2769],[116.4774,2.2919],[116.4667,2.3254],[116.5042,2.3481],[116.4912,2.446],[116.5038,2.4549],[116.5572,2.4565],[116.5968,2.4185],[116.6276,2.4154],[116.6286,2.3938],[116.7144,2.3914],[116.7509,2.4356],[116.753,2.4743],[116.795,2.5095],[116.9242,2.5049],[116.9821,2.433],[117.024,2.4598],[117.0155,2.4977],[117.0485,2.548],[117.1337,2.5362],[117.2148,2.5647],[117.1922,2.4957],[117.2296,2.4797],[117.2699,2.4829],[117.3082,2.5338],[117.3638,2.5387],[117.3881,2.5598],[117.4153,2.5014],[117.457,2.504],[117.4954,2.532],[117.5721,2.5015],[117.6128,2.5199],[117.7469,2.3269],[117.8116,2.3264],[117.8219,2.3613],[117.8638,2.3929],[117.9183,2.3936],[117.9882,2.4351],[117.8119,2.6097],[117.7896,2.6527],[117.7852,2.7483],[117.6907,2.7855],[117.7039,2.8068],[117.7297,2.8072],[117.728,2.8289],[117.6912,2.8531],[117.7173,2.8717],[117.6905,2.9586],[117.6665,2.9641],[117.6665,2.988],[117.5765,2.9813],[117.6189,3.0178],[117.6274,3.0513],[117.5678,3.0464],[117.5426,3.0681],[117.4355,3.0518],[117.4775,3.0959],[117.4443,3.1617],[117.3684,3.1814],[117.3218,3.1627],[117.3076,3.2071],[117.3791,3.2295],[117.4004,3.2613],[117.4229,3.2483],[117.4432,3.2693],[117.5167,3.2759],[117.5226,3.3007],[117.5045,3.322],[117.4152,3.3368],[117.4123,3.3913],[117.3702,3.4121],[117.355,3.4491],[117.3065,3.4491],[117.3157,3.4658],[117.2176,3.4928],[117.1944,3.5418],[117.2261,3.6036],[117.1346,3.6212],[117.0164,3.5956],[117.0659,3.6314],[117.1687,3.6443],[117.2577,3.6176],[117.3704,3.638],[117.4284,3.6247],[117.4888,3.6525],[117.4854,3.6735],[117.4251,3.6811],[117.486,3.7167],[117.5766,3.6339],[117.6685,3.6157],[117.7343,3.6315],[117.8111,3.7025],[117.8147,3.7211],[117.6865,3.7668],[117.7837,3.7549],[117.7783,3.7863],[117.7304,3.8124],[117.7344,3.8356],[117.7051,3.859],[117.6689,3.8788],[117.5981,3.8763],[117.5333,3.9248],[117.4995,3.9127],[117.4576,3.9299],[117.4641,3.9583],[117.4382,4.0134],[117.4738,4.0707],[117.4184,4.0943],[117.4162,4.1401],[117.5162,4.0993],[117.5933,4.1723],[117.4678,4.1736],[117.3723,4.2853],[117.2895,4.3155],[117.2475,4.374],[117.1997,4.3352],[117.1508,4.3536],[117.1075,4.3325],[117.0429,4.3473],[117.0209,4.319],[117.0062,4.3211],[117.0093,4.3442],[116.9009,4.3664],[116.8426,4.326],[116.7511,4.3897],[116.7011,4.334],[116.6731,4.3514],[116.6192,4.3385],[116.6193,4.3596],[116.5643,4.3913],[116.5362,4.3762],[116.5292,4.326],[116.4972,4.3336],[116.4788,4.3026],[116.4403,4.2884],[116.437,4.3231],[116.3479,4.3903],[116.2792,4.3602],[116.1768,4.3808],[116.155,4.3385],[116.1159,4.3355],[116.0725,4.2767],[116.0312,4.3011],[116.0314,4.3288],[115.9765,4.3579],[115.9278,4.354],[115.9082,4.3911],[115.8772,4.3915],[115.8699,4.2857],[115.8242,4.2618],[115.8287,4.2345],[115.8025,4.2216],[115.7664,4.245],[115.7278,4.1898],[115.7023,4.1922],[115.6491,3.9871],[115.6256,3.944],[115.5891,3.9432],[115.5664,3.9202],[115.5759,3.8936],[115.6162,3.8754],[115.5737,3.7216],[115.5794,3.5962],[115.657,3.439],[115.624,3.4081],[115.6096,3.4467],[115.5865,3.45],[115.543,3.3578],[115.5155,3.2219],[115.5617,3.1518],[115.5349,3.1423],[115.5105,3.0934],[115.5154,3.0559],[115.4855,3.0182],[115.4397,3.0229],[115.3936,2.9797],[115.3305,2.976],[115.2845,3.0475],[115.2485,2.9647],[115.1635,2.9272],[115.152,2.8704],[115.0978,2.8282],[115.1539,2.7928],[115.1404,2.7473],[115.0947,2.6977],[115.1192,2.655],[115.088,2.6163],[115.1136,2.5833],[115.1697,2.6135],[115.2234,2.5423],[115.2512,2.5412],[115.2492,2.5094],[115.2044,2.4712],[115.1482,2.4773],[115.1181,2.4563],[115.0966,2.4026],[115.0632,2.4077],[114.9932,2.3477],[114.9689,2.3679],[114.948,2.3161],[114.9677,2.2944],[114.917,2.2549],[114.8706,2.2638],[114.8299,2.2457],[114.8125,2.2621],[114.788,2.201],[114.7411,2.1912],[114.7403,2.1323],[114.7911,2.1459],[114.8222,2.1183],[114.8019,2.0809],[114.8086,2.0258],[114.859,2.044],[114.8809,2.0307],[114.8518,1.9722],[114.8522,1.9456],[114.8813,1.9204],[114.8172,1.8898],[114.7906,1.8475],[114.7473,1.8694],[114.7062,1.8207],[114.7192,1.7159],[114.7051,1.6373],[114.6105,1.5752],[114.5996,1.5315],[114.6159,1.5155],[114.5652,1.4262]]],[[[117.4953,3.0791],[117.4682,3.0818],[117.4683,3.0622],[117.4953,3.0791]]],[[[117.4234,3.4203],[117.3725,3.4405],[117.3719,3.4141],[117.411,3.3968],[117.4163,3.346],[117.4343,3.3478],[117.4443,3.3987],[117.4234,3.4203]]],[[[117.2524,3.5877],[117.2014,3.5391],[117.2308,3.4968],[117.323,3.4913],[117.4767,3.4351],[117.5179,3.4818],[117.4354,3.5086],[117.4377,3.5289],[117.3711,3.5626],[117.3111,3.5599],[117.2524,3.5877]]],[[[117.4513,3.5854],[117.4038,3.6107],[117.312,3.5842],[117.4094,3.5883],[117.4356,3.5622],[117.4604,3.5687],[117.4513,3.5854]]],[[[117.4906,3.6775],[117.4843,3.7082],[117.4295,3.6749],[117.4906,3.6775]]],[[[117.5573,3.0932],[117.5114,3.0963],[117.5188,3.0745],[117.5551,3.0767],[117.5573,3.0932]]],[[[117.4984,3.4045],[117.4493,3.4021],[117.4553,3.3474],[117.4965,3.3413],[117.4984,3.4045]]],[[[117.4831,3.5482],[117.4397,3.5373],[117.5472,3.4712],[117.6061,3.4744],[117.6094,3.5006],[117.4831,3.5482]]],[[[117.5305,3.5868],[117.5435,3.6071],[117.5227,3.6153],[117.507,3.595],[117.5305,3.5868]]],[[[117.4928,3.6357],[117.4365,3.6408],[117.4302,3.6237],[117.4906,3.5981],[117.5194,3.6312],[117.4928,3.6357]]],[[[117.5034,3.6378],[117.5208,3.6418],[117.5033,3.6678],[117.4891,3.654],[117.5034,3.6378]]],[[[117.5521,4.0995],[117.5887,4.1407],[117.5538,4.1393],[117.5357,4.1162],[117.5521,4.0995]]],[[[117.6002,3.0639],[117.6031,3.0838],[117.5514,3.0718],[117.5695,3.0511],[117.6002,3.0639]]],[[[117.5852,3.2932],[117.6481,3.2411],[117.6658,3.4152],[117.6133,3.4412],[117.5486,3.4423],[117.515,3.3811],[117.5412,3.3269],[117.5852,3.2932]]],[[[117.8729,3.4634],[117.8251,3.5716],[117.8009,3.5894],[117.7562,3.564],[117.7514,3.5353],[117.7722,3.5058],[117.8423,3.4555],[117.8729,3.4634]]],[[[117.6531,3.5611],[117.56,3.5879],[117.5347,3.5621],[117.6281,3.5369],[117.657,3.5443],[117.6531,3.5611]]],[[[117.816,3.776],[117.779,3.7744],[117.7988,3.7579],[117.816,3.776]]],[[[117.748,3.8716],[117.7101,3.8606],[117.7439,3.806],[117.8265,3.7828],[117.8292,3.8075],[117.748,3.8716]]],[[[117.5379,4.0263],[117.4997,4.0528],[117.4433,4.0058],[117.4617,3.93],[117.5653,3.9184],[117.6062,3.8821],[117.6817,3.8879],[117.6827,3.9138],[117.5975,3.9335],[117.5379,4.0263]]],[[[117.7472,4.0458],[117.7535,4.0617],[117.6688,4.1441],[117.6294,4.1352],[117.5893,4.08],[117.603,4.0108],[117.6691,3.9665],[117.724,3.9844],[117.7472,4.0458]]],[[[117.9248,4.061],[117.9256,4.1272],[117.9009,4.1667],[117.6833,4.1667],[117.8612,4.029],[117.9248,4.061]]]]}},{"type":"Feature","properties":{"code":"19","name":"Kepulauan Bangka Belitung","bbox":[105.1087,-3.2714,108.2942,-1.5018]},"geometry":{"type":"MultiPolygon","coordinates":[[[[105.3986,-2.1265],[105.4391,-2.1328],[105.5395,-2.0793],[105.592,-2.1232],[105.7286,-2.127],[105.7848,-2.1661],[105.7873,-2.2486],[105.825,-2.3076],[105.8033,-2.3673],[105.8334,-2.4109],[105.9122,-2.4451],[105.9345,-2.4805],[105.9342,-2.5325],[105.8882,-2.6377],[105.9195,-2.7435],[105.9556,-2.7896],[105.9498,-2.8187],[106.0936,-2.8372],[106.1483,-2.8748],[106.2772,-2.9017],[106.3212,-2.9326],[106.33,-2.9633],[106.4296,-2.9745],[106.4418,-3.0116],[106.4984,-3.0637],[106.5138,-3.1133],[106.5948,-3.0757],[106.6631,-3.101],[106.7364,-3.0867],[106.7382,-3.0049],[106.634,-2.9731],[106.596,-2.9503],[106.5905,-2.9194],[106.6586,-2.7226],[106.7088,-2.6429],[106.763,-2.598],[106.8406,-2.572],[106.4994,-2.5041],[106.4454,-2.4724],[106.3937,-2.4779],[106.2995,-2.4208],[106.2372,-2.3279],[106.1637,-2.0951],[106.1498,-1.9939],[106.1858,-1.8961],[106.1478,-1.8656],[106.1197,-1.824],[106.1258,-1.8011],[106.0311,-1.6857],[106.0212,-1.6394],[106.0477,-1.6011],[105.9719,-1.5491],[105.9324,-1.5524],[105.9103,-1.532],[105.9204,-1.5099],[105.8882,-1.5018],[105.8809,-1.5183],[105.7203,-1.5419],[105.7387,-1.6355],[105.763,-1.6507],[105.7405,-1.6871],[105.7546,-1.7277],[105.8289,-1.806],[105.8088,-1.8136],[105.7873,-1.8073],[105.7758,-1.7678],[105.6953,-1.7809],[105.6551,-1.7454],[105.6614,-1.7136],[105.717,-1.6541],[105.6522,-1.6508],[105.6295,-1.6276],[105.605,-1.5297],[105.5354,-1.5651],[105.4711,-1.5614],[105.4235,-1.6059],[105.3939,-1.6065],[105.3846,-1.642],[105.3423,-1.6678],[105.3426,-1.7011],[105.3997,-1.75],[105.3872,-1.8011],[105.2641,-1.8965],[105.1254,-1.9595],[105.1087,-2.0228],[105.1252,-2.0751],[105.2259,-2.0654],[105.301,-2.1543],[105.3283,-2.1282],[105.3986,-2.1265]]],[[[106.8464,-2.9184],[106.8077,-2.8867],[106.7324,-2.9253],[106.7177,-2.9698],[106.8222,-3.0298],[106.8828,-3.0296],[106.9106,-2.9472],[106.8464,-2.9184]]],[[[106.7384,-2.8684],[106.7218,-2.9025],[106.7481,-2.8866],[106.7384,-2.8684]]],[[[107.4678,-2.9298],[107.439,-2.9333],[107.425,-2.956],[107.4368,-2.985],[107.4645,-2.9678],[107.4678,-2.9298]]],[[[107.4266,-2.9293],[107.47,-2.907],[107.4863,-2.852],[107.4684,-2.8228],[107.3804,-2.8491],[107.3659,-2.909],[107.4121,-2.946],[107.4266,-2.9293]]],[[[107.057,-2.8201],[107.0199,-2.8751],[107.0561,-2.9094],[107.0863,-2.9101],[107.0927,-2.8612],[107.057,-2.8201]]],[[[107.4196,-2.7932],[107.4043,-2.7984],[107.404,-2.8333],[107.4329,-2.8203],[107.4196,-2.7932]]],[[[107.5272,-3.1932],[107.5192,-3.2329],[107.5443,-3.2301],[107.5518,-3.2024],[107.5272,-3.1932]]],[[[107.6664,-3.2138],[107.8367,-3.1569],[107.8457,-3.1135],[107.8149,-3.0883],[107.8424,-3.0634],[107.9585,-3.1601],[107.9741,-3.1947],[107.9669,-3.2465],[107.9854,-3.2714],[108.0138,-3.2446],[108.0769,-3.2461],[108.0793,-3.1708],[108.1534,-3.1709],[108.1851,-3.1422],[108.1795,-3.1198],[108.217,-3.0539],[108.2069,-3.0173],[108.266,-2.8969],[108.2942,-2.8788],[108.2701,-2.7509],[108.17,-2.6699],[108.148,-2.6726],[108.1523,-2.6515],[108.0872,-2.6046],[108.0376,-2.6102],[108.0385,-2.6384],[108.0031,-2.619],[108.0132,-2.5962],[107.9892,-2.5724],[107.922,-2.5617],[107.9049,-2.5744],[107.8388,-2.5562],[107.819,-2.5294],[107.7623,-2.5577],[107.6583,-2.5596],[107.612,-2.7025],[107.6293,-2.7242],[107.5972,-2.7922],[107.5976,-2.8582],[107.529,-2.9209],[107.5446,-2.9349],[107.5917,-2.9113],[107.6001,-2.9326],[107.5612,-2.9982],[107.5826,-3.0866],[107.6293,-3.1429],[107.5859,-3.2032],[107.595,-3.2245],[107.6363,-3.2403],[107.6664,-3.2138]]],[[[108.2583,-3.0457],[108.2353,-3.0642],[108.2493,-3.0751],[108.2583,-3.0457]]]]}},{"type":"Feature","properties":{"code":"21","name":"Kepulauan Riau","bbox":[103.3112,-0.6839,109.1166,4.7346]},"geometry":{"type":"MultiPolygon","coordinates":[[[[103.4873,0.6255],[103.5218,0.6893],[103.4902,0.6832],[103.4635,0.6364],[103.4873,0.6255]]],[[[103.4632,0.647],[103.5097,0.7616],[103.3773,0.8965],[103.3525,0.8441],[103.3576,0.7283],[103.4012,0.6722],[103.3997,0.6494],[103.4632,0.647]]],[[[103.5319,0.7981],[103.4948,0.8448],[103.4319,0.8719],[103.4197,0.8575],[103.5258,0.7662],[103.5319,0.7981]]],[[[103.467,0.8254],[103.4432,0.8477],[103.4317,0.8335],[103.467,0.8254]]],[[[103.4831,0.8759],[103.4747,0.9144],[103.4349,0.9251],[103.4099,0.8923],[103.4533,0.8595],[103.4872,0.8551],[103.4831,0.8759]]],[[[103.502,0.9187],[103.4857,0.8995],[103.5026,0.861],[103.5288,0.8687],[103.502,0.9187]]],[[[103.421,0.9475],[103.4193,0.9135],[103.4381,0.9292],[103.421,0.9475]]],[[[103.4744,0.9482],[103.427,0.9587],[103.4783,0.9246],[103.4744,0.9482]]],[[[103.4386,0.9885],[103.4217,1.0441],[103.3829,1.0806],[103.3899,1.1197],[103.3508,1.135],[103.3112,1.0728],[103.3277,1.0186],[103.4386,0.9885]]],[[[103.391,1.1646],[103.3939,1.1316],[103.4084,1.145],[103.391,1.1646]]],[[[103.6141,0.5127],[103.5904,0.5358],[103.5973,0.4921],[103.6201,0.4968],[103.6141,0.5127]]],[[[103.6789,0.6351],[103.6732,0.6137],[103.6994,0.6092],[103.6789,0.6351]]],[[[103.7456,0.7364],[103.6962,0.7062],[103.7216,0.6875],[103.7456,0.7364]]],[[[103.7181,0.7754],[103.7039,0.8041],[103.6698,0.8145],[103.706,0.7531],[103.7272,0.7588],[103.7181,0.7754]]],[[[103.7517,0.8827],[103.7177,0.8737],[103.7199,0.852],[103.7581,0.803],[103.8197,0.7724],[103.8336,0.8123],[103.7517,0.8827]]],[[[103.7766,1.049],[103.7487,1.0299],[103.7952,0.9695],[103.7996,1.0246],[103.7766,1.049]]],[[[103.8208,0.8923],[103.8344,0.8402],[103.8839,0.7982],[103.9057,0.8442],[103.8208,0.8923]]],[[[103.8457,1.074],[103.836,1.03],[103.882,1.0529],[103.8457,1.074]]],[[[103.909,0.8305],[103.8943,0.8012],[103.9121,0.7707],[103.9339,0.7685],[103.9408,0.7874],[103.909,0.8305]]],[[[103.9657,0.9694],[103.9181,1.0091],[103.9017,0.9995],[103.8773,1.0352],[103.8342,1.0176],[103.8371,0.9725],[103.9392,0.9109],[103.9657,0.9694]]],[[[104.0622,0.9665],[104.0463,0.9656],[104.0453,0.9361],[104.0705,0.9151],[104.0765,0.9564],[104.0622,0.9665]]],[[[103.9445,1.0084],[103.9909,1.0175],[104.0156,0.9857],[104.0522,0.9963],[104.067,0.9835],[104.0789,1.0245],[104.1328,1.0343],[104.1394,1.1686],[104.0871,1.1958],[104.0705,1.162],[104.0903,1.1534],[104.0539,1.1312],[104.0429,1.1752],[104.0145,1.1921],[103.9885,1.1308],[103.9224,1.1429],[103.9374,1.0848],[103.8937,1.0836],[103.9445,1.0084]]],[[[104.1981,-0.3934],[104.1952,-0.4232],[104.2144,-0.4289],[104.2321,-0.4013],[104.1981,-0.3934]]],[[[104.1939,-0.3628],[104.1776,-0.3709],[104.1856,-0.3888],[104.2072,-0.3839],[104.1939,-0.3628]]],[[[104.2357,0.2001],[104.2011,0.17],[104.2252,0.1562],[104.2404,0.1679],[104.2357,0.2001]]],[[[104.1984,0.6086],[104.1845,0.5884],[104.1944,0.5591],[104.2193,0.5896],[104.1984,0.6086]]],[[[104.2169,0.7179],[104.2883,0.6139],[104.2856,0.6616],[104.2169,0.7179]]],[[[104.2617,0.8004],[104.1786,0.777],[104.1882,0.7333],[104.2548,0.6926],[104.3,0.7118],[104.2732,0.7298],[104.2617,0.8004]]],[[[104.2376,0.8639],[104.1694,0.8868],[104.1173,0.9558],[104.0779,0.9446],[104.0994,0.8791],[104.1476,0.8527],[104.1811,0.7828],[104.2451,0.8199],[104.2653,0.8593],[104.2376,0.8639]]],[[[104.1796,0.938],[104.1583,0.9262],[104.1731,0.9132],[104.1884,0.9193],[104.1796,0.938]]],[[[104.1703,0.9608],[104.1421,0.9541],[104.152,0.9344],[104.1703,0.9608]]],[[[104.1716,1.0658],[104.1609,1.0297],[104.181,1.0357],[104.1716,1.0658]]],[[[104.2933,0.1751],[104.2938,0.1432],[104.3366,0.1305],[104.2933,0.1751]]],[[[104.3063,0.3463],[104.307,0.3195],[104.324,0.3245],[104.3063,0.3463]]],[[[104.3273,0.328],[104.3546,0.279],[104.3817,0.2907],[104.3273,0.328]]],[[[104.3485,0.3455],[104.3512,0.3167],[104.3935,0.2894],[104.4217,0.308],[104.4165,0.3315],[104.3284,0.3756],[104.3485,0.3455]]],[[[104.259,-0.476],[104.2533,-0.4942],[104.3185,-0.5367],[104.3421,-0.6562],[104.3657,-0.6839],[104.3869,-0.6677],[104.3987,-0.6001],[104.4406,-0.5876],[104.4565,-0.6216],[104.5045,-0.6436],[104.5351,-0.5384],[104.5996,-0.4686],[104.535,-0.3682],[104.4775,-0.3357],[104.4398,-0.3404],[104.4127,-0.401],[104.3854,-0.4133],[104.3514,-0.3939],[104.3268,-0.4354],[104.3264,-0.3491],[104.3128,-0.3891],[104.2782,-0.3965],[104.259,-0.476]]],[[[104.44,-0.3231],[104.4912,-0.3076],[104.475,-0.2779],[104.3913,-0.2901],[104.4146,-0.3215],[104.44,-0.3231]]],[[[104.4051,0.1622],[104.4132,0.1142],[104.3915,0.106],[104.4822,0.015],[104.4924,0.0708],[104.4051,0.1622]]],[[[104.2297,1.0529],[104.2262,1.0221],[104.2623,1],[104.3337,0.9973],[104.3317,1.0207],[104.3739,1.0104],[104.4152,1.0556],[104.4482,1.0541],[104.4758,1.0273],[104.4407,0.9977],[104.4635,0.9803],[104.4139,0.9771],[104.4381,0.9085],[104.4909,0.8759],[104.4793,0.866],[104.5017,0.8413],[104.5566,0.8138],[104.5932,0.81],[104.62,0.9008],[104.6534,0.9073],[104.66,0.9408],[104.6345,0.9849],[104.6529,1.061],[104.6319,1.1098],[104.5773,1.1552],[104.5854,1.2267],[104.5591,1.2275],[104.5316,1.1783],[104.4993,1.1687],[104.4007,1.2018],[104.3651,1.1783],[104.3432,1.1869],[104.3195,1.1676],[104.3307,1.1413],[104.245,1.1202],[104.2181,1.0893],[104.2297,1.0529]]],[[[104.5228,0.2406],[104.5208,0.2164],[104.4926,0.2436],[104.4804,0.2335],[104.5283,0.1898],[104.5117,0.1866],[104.5537,0.1265],[104.7011,0.0194],[104.7096,0.0383],[104.5228,0.2406]]],[[[104.5163,0.7751],[104.5156,0.7558],[104.5854,0.7863],[104.5472,0.7972],[104.5163,0.7751]]],[[[104.5281,-0.2692],[104.5623,-0.2429],[104.7036,-0.2047],[104.8368,-0.3152],[104.9091,-0.329],[104.9016,-0.2881],[104.9791,-0.2815],[104.8911,-0.2248],[104.8259,-0.1334],[104.8117,-0.2037],[104.752,-0.1897],[104.6834,-0.0853],[104.6544,-0.1052],[104.6321,-0.0945],[104.6683,-0.077],[104.5616,0.0188],[104.5302,-0.0129],[104.4961,-0.0126],[104.5051,-0.1285],[104.4701,-0.1372],[104.4458,-0.1824],[104.4272,-0.1834],[104.429,-0.237],[104.4984,-0.2419],[104.5039,-0.2676],[104.5281,-0.2692]]],[[[104.6608,0.7514],[104.6108,0.7319],[104.6246,0.7135],[104.6608,0.7514]]],[[[104.7253,0.7546],[104.714,0.7414],[104.7344,0.7174],[104.7615,0.7324],[104.7253,0.7546]]],[[[104.6945,0.7628],[104.6981,0.7367],[104.7154,0.7448],[104.6945,0.7628]]],[[[104.7003,0.7931],[104.6916,0.7697],[104.7368,0.753],[104.7527,0.7716],[104.7386,0.7912],[104.7003,0.7931]]],[[[104.5981,0.7929],[104.5781,0.7672],[104.59,0.7532],[104.6212,0.7775],[104.5981,0.7929]]],[[[104.6568,0.8171],[104.6532,0.8656],[104.6326,0.8464],[104.6376,0.8099],[104.6568,0.8171]]],[[[104.6864,0.8952],[104.6615,0.8596],[104.677,0.8464],[104.6864,0.8952]]],[[[104.6311,0.8949],[104.6171,0.8719],[104.6287,0.8546],[104.6552,0.8949],[104.6311,0.8949]]],[[[104.7908,1.0277],[104.7905,1.0043],[104.8296,0.9754],[104.8542,0.9824],[104.8503,1.0112],[104.7908,1.0277]]],[[[105.7868,2.9035],[105.8209,2.8905],[105.8124,2.94],[105.8289,2.9886],[105.7511,2.9681],[105.7261,2.9899],[105.7374,3.015],[105.6963,3.0441],[105.6878,3.0056],[105.7143,2.9635],[105.6929,2.8549],[105.7254,2.817],[105.7585,2.8339],[105.7658,2.8493],[105.735,2.8541],[105.7868,2.9035]]],[[[106.2041,2.8092],[106.2264,2.7369],[106.2466,2.74],[106.2255,2.8051],[106.2041,2.8092]]],[[[105.9833,3.0869],[105.9667,3.0694],[105.9706,3.0294],[105.9881,3.0464],[105.9833,3.0869]]],[[[106.3181,3.1008],[106.3419,3.1461],[106.2855,3.1282],[106.3181,3.1008]]],[[[106.2035,3.1393],[106.2322,3.1026],[106.2853,3.0988],[106.2778,3.1942],[106.2296,3.2314],[106.2129,3.2197],[106.2035,3.1393]]],[[[106.277,3.2529],[106.2953,3.2762],[106.3008,3.3807],[106.2723,3.3822],[106.2413,3.3385],[106.227,3.2598],[106.2675,3.2278],[106.277,3.2529]]],[[[106.2254,3.3104],[106.2388,3.3434],[106.1998,3.3746],[106.2012,3.3454],[106.172,3.332],[106.1887,3.2994],[106.2254,3.3104]]],[[[107.2426,0.1449],[107.2093,0.1154],[107.2266,0.111],[107.2426,0.1449]]],[[[107.4306,0.9768],[107.4552,0.9203],[107.4711,0.9685],[107.4306,0.9768]]],[[[107.5934,0.9891],[107.5869,1.0111],[107.531,1.0221],[107.542,0.9815],[107.5711,0.9867],[107.55,0.9588],[107.562,0.9514],[107.5934,0.9891]]],[[[107.7809,2.978],[107.8022,2.9812],[107.8044,3.0092],[107.7847,3.0196],[107.7525,3.0008],[107.7539,2.9773],[107.7809,2.978]]],[[[106.4177,3.154],[106.4048,3.1335],[106.4294,3.1305],[106.4177,3.154]]],[[[107.907,3.9083],[107.8945,3.8913],[107.9132,3.8824],[107.907,3.9083]]],[[[107.8676,4.1572],[107.8409,4.1211],[107.852,4.1151],[107.8676,4.1572]]],[[[107.974,4.7346],[107.9289,4.6808],[107.9768,4.6801],[107.9944,4.7327],[107.974,4.7346]]],[[[109.0343,2.4849],[109.0552,2.503],[109.0878,2.4923],[109.1166,2.522],[108.9782,2.5566],[108.9792,2.5216],[109.0201,2.523],[109.0071,2.4998],[109.0343,2.4849]]],[[[108.8709,3.0091],[108.8419,3.0025],[108.8288,2.9365],[108.7756,2.8785],[108.8192,2.8435],[108.8479,2.8521],[108.8852,2.9087],[108.8904,2.9978],[108.8709,3.0091]]],[[[108.8701,3.0212],[108.8689,3.0426],[108.84,3.0467],[108.8701,3.0212]]],[[[108.0705,3.5835],[108.1252,3.6229],[108.095,3.6353],[108.0705,3.5835]]],[[[108.082,3.6356],[108.071,3.6663],[108.0511,3.6572],[108.0576,3.6363],[108.082,3.6356]]],[[[108.1023,3.8234],[108.2068,3.8023],[108.254,3.7607],[108.252,3.7323],[108.1884,3.7836],[108.1152,3.738],[108.0899,3.6812],[108.1456,3.6591],[108.152,3.6335],[108.2012,3.659],[108.296,3.6581],[108.3041,3.7167],[108.3343,3.7635],[108.3868,3.7935],[108.3968,3.8269],[108.3682,3.8928],[108.3901,3.9005],[108.382,3.9314],[108.4024,3.9582],[108.2531,4.1037],[108.2299,4.1401],[108.2417,4.2127],[108.2195,4.2305],[108.1743,4.165],[108.089,4.103],[108.0741,4.0678],[107.9737,4.0144],[107.9899,3.9425],[108.0309,3.8943],[108.0174,3.886],[108.0649,3.8341],[108.1023,3.8234]]]]}},{"type":"Feature","properties":{"code":"18","name":"Lampung","bbox":[103.596,-6.1661,105.9134,-3.7314]},"geometry":{"type":"MultiPolygon","coordinates":[[[[104.8585,-5.8347],[104.8528,-5.8019],[104.7884,-5.7612],[104.7811,-5.7791],[104.8143,-5.8256],[104.8585,-5.8347]]],[[[103.596,-4.9224],[103.6396,-4.9327],[103.663,-4.9914],[103.6863,-4.9622],[103.711,-4.9631],[103.7478,-4.9953],[103.7398,-5.023],[103.7575,-5.0454],[103.7697,-5.0301],[103.8181,-5.0521],[103.868,-5.1107],[103.91,-5.126],[103.9361,-5.1718],[103.9074,-5.2328],[103.9866,-5.258],[104.0077,-5.2933],[104,-5.323],[104.0264,-5.3327],[104.03,-5.3635],[104.1199,-5.4571],[104.1777,-5.482],[104.3114,-5.5914],[104.3196,-5.62],[104.3027,-5.6419],[104.416,-5.7072],[104.5399,-5.8394],[104.5751,-5.9044],[104.5568,-5.9264],[104.584,-5.9431],[104.7295,-5.9327],[104.6979,-5.8722],[104.7108,-5.8331],[104.6445,-5.7433],[104.6481,-5.7007],[104.5329,-5.5461],[104.5587,-5.514],[104.6041,-5.4961],[104.7085,-5.5218],[104.7775,-5.6055],[104.8283,-5.6211],[104.9279,-5.6961],[105.0336,-5.7317],[105.0267,-5.7515],[105.0884,-5.7566],[105.0887,-5.7746],[105.1235,-5.7781],[105.1494,-5.809],[105.187,-5.8045],[105.2114,-5.7705],[105.1722,-5.7749],[105.1556,-5.7508],[105.1983,-5.7176],[105.2018,-5.6565],[105.1674,-5.6062],[105.2031,-5.5771],[105.2345,-5.591],[105.2527,-5.5626],[105.2548,-5.4611],[105.2908,-5.4468],[105.4089,-5.6221],[105.5304,-5.6916],[105.5344,-5.6712],[105.562,-5.6706],[105.5551,-5.6945],[105.5896,-5.7353],[105.5853,-5.8067],[105.6046,-5.8305],[105.7052,-5.8482],[105.7165,-5.9042],[105.7897,-5.8073],[105.8259,-5.5787],[105.8177,-5.3516],[105.8643,-5.2552],[105.8568,-5.0732],[105.8663,-4.9878],[105.9004,-4.9232],[105.8614,-4.8169],[105.8742,-4.7167],[105.9134,-4.6469],[105.89,-4.628],[105.8833,-4.5827],[105.9055,-4.5492],[105.9128,-4.4387],[105.8506,-4.4033],[105.8576,-4.3778],[105.8256,-4.3517],[105.809,-4.1242],[105.7704,-4.1127],[105.7434,-4.1443],[105.698,-4.125],[105.7046,-4.0996],[105.6518,-4.0871],[105.645,-4.0663],[105.6601,-4.0571],[105.6248,-4.0393],[105.6304,-4.0026],[105.5936,-3.9574],[105.6092,-3.9363],[105.5625,-3.9284],[105.5727,-3.8993],[105.5442,-3.8809],[105.5239,-3.8932],[105.5211,-3.8392],[105.4302,-3.8224],[105.4367,-3.788],[105.4113,-3.7766],[105.3551,-3.7942],[105.3425,-3.7314],[105.3188,-3.7326],[105.2837,-3.8013],[105.2776,-3.8764],[105.2553,-3.9004],[105.2056,-3.8908],[105.1654,-3.9376],[105.1427,-3.933],[105.1353,-3.9877],[105.0614,-4.0972],[105.0657,-4.1203],[105.0216,-4.1661],[104.9532,-4.1782],[104.7925,-4.2666],[104.7461,-4.2474],[104.6787,-4.2574],[104.6212,-4.2256],[104.5248,-4.2643],[104.4716,-4.312],[104.4499,-4.2984],[104.3845,-4.3474],[104.3218,-4.4583],[104.3292,-4.5142],[104.3115,-4.514],[104.3408,-4.602],[104.2941,-4.6573],[104.3125,-4.7788],[104.3405,-4.8227],[104.364,-4.8225],[104.3351,-4.8719],[104.2872,-4.8556],[104.2634,-4.8812],[104.2341,-4.8808],[104.1913,-4.863],[104.1744,-4.9058],[104.1216,-4.9242],[104.0719,-4.9039],[103.9616,-4.9105],[103.9356,-4.8846],[103.8638,-4.9174],[103.8444,-4.9126],[103.8695,-4.8564],[103.7905,-4.779],[103.7311,-4.7993],[103.6251,-4.8904],[103.6037,-4.8896],[103.596,-4.9224]]],[[[105.2919,-5.8011],[105.241,-5.8334],[105.2844,-5.8387],[105.3063,-5.8078],[105.2919,-5.8011]]],[[[105.2175,-5.6616],[105.2077,-5.686],[105.2266,-5.6875],[105.2357,-5.6686],[105.2175,-5.6616]]],[[[105.452,-6.1366],[105.4233,-6.1462],[105.4334,-6.1661],[105.4643,-6.1517],[105.452,-6.1366]]],[[[105.4991,-5.9222],[105.4775,-5.926],[105.4636,-5.9557],[105.4856,-5.9716],[105.5167,-5.9457],[105.4991,-5.9222]]],[[[105.5329,-5.8462],[105.4937,-5.8787],[105.5064,-5.9002],[105.5302,-5.8919],[105.5329,-5.8462]]]]}},{"type":"Feature","properties":{"code":"81","name":"Maluku","bbox":[125.7366,-8.3447,134.906,-2.7739]},"geometry":{"type":"MultiPolygon","coordinates":[[[[128.1379,-8.2742],[128.2343,-8.2714],[128.2209,-8.2104],[128.0922,-8.207],[128.079,-8.2565],[128.1379,-8.2742]]],[[[127.6425,-8.2387],[127.7509,-8.2061],[127.7462,-8.1766],[127.6704,-8.1605],[127.6051,-8.207],[127.6425,-8.2387]]],[[[128.0509,-8.2337],[128.1257,-8.1535],[128.077,-8.1375],[127.9469,-8.1463],[127.8748,-8.1168],[127.7665,-8.108],[127.7936,-8.1836],[127.8182,-8.1998],[127.9434,-8.2199],[127.9604,-8.247],[128.0058,-8.2579],[128.0426,-8.26],[128.0509,-8.2337]]],[[[128.7192,-8.1835],[128.7006,-8.1663],[128.6929,-8.1857],[128.7192,-8.1835]]],[[[127.2089,-8.1064],[127.2283,-8.1047],[127.2149,-8.0338],[127.1988,-8.0133],[127.1662,-8.0141],[127.1376,-8.0351],[127.1477,-8.1019],[127.2089,-8.1064]]],[[[125.7366,-7.9694],[125.738,-8.0585],[125.7638,-8.0152],[125.7366,-7.9694]]],[[[125.8074,-8.0069],[125.944,-7.9179],[126.0712,-7.8876],[126.1279,-7.8905],[126.1713,-7.9232],[126.332,-7.9145],[126.3668,-7.9341],[126.4234,-7.932],[126.4641,-7.9746],[126.5491,-7.8235],[126.6946,-7.7512],[126.8264,-7.7533],[126.8427,-7.734],[126.8083,-7.6551],[126.7199,-7.6653],[126.6886,-7.6244],[126.6395,-7.6054],[126.6366,-7.5635],[126.6171,-7.5576],[126.4708,-7.5892],[126.4383,-7.6321],[126.3811,-7.6456],[126.3234,-7.6951],[126.2342,-7.6891],[126.1865,-7.727],[126.0236,-7.6921],[125.9843,-7.6568],[125.9474,-7.662],[125.8945,-7.7577],[125.863,-7.7671],[125.8708,-7.8148],[125.8074,-7.8638],[125.8255,-7.9044],[125.8185,-7.9586],[125.7924,-7.9903],[125.8074,-8.0069]]],[[[127.5963,-7.5635],[127.5984,-7.621],[127.6158,-7.6074],[127.5963,-7.5635]]],[[[127.3546,-7.6504],[127.3864,-7.6492],[127.406,-7.6048],[127.4702,-7.5893],[127.4891,-7.5486],[127.4765,-7.5153],[127.456,-7.5279],[127.3879,-7.4932],[127.3654,-7.501],[127.366,-7.5914],[127.3243,-7.613],[127.3546,-7.6504]]],[[[128.6686,-7.1607],[128.6555,-7.1455],[128.6868,-7.1379],[128.6996,-7.1068],[128.6108,-7.062],[128.5433,-7.1053],[128.5252,-7.1445],[128.6261,-7.214],[128.6514,-7.2159],[128.6795,-7.1717],[128.6686,-7.1607]]],[[[127.2407,-3.8554],[127.1986,-3.816],[127.1629,-3.8246],[127.1424,-3.8533],[127.1641,-3.8887],[127.2234,-3.8956],[127.2407,-3.8554]]],[[[128.1262,-3.7775],[128.1592,-3.7497],[128.2271,-3.7482],[128.2989,-3.6942],[128.2614,-3.6181],[128.3557,-3.629],[128.3534,-3.5977],[128.3218,-3.5651],[128.3525,-3.5227],[128.3388,-3.5022],[128.2574,-3.4951],[128.2135,-3.5256],[128.1783,-3.5827],[128.0293,-3.5912],[127.9225,-3.6809],[127.9175,-3.7194],[127.9436,-3.7747],[127.9984,-3.7812],[128.0396,-3.7332],[128.2326,-3.6281],[128.2447,-3.6387],[128.1634,-3.7012],[128.1262,-3.7775]]],[[[128.4207,-3.6329],[128.5418,-3.6138],[128.5739,-3.5878],[128.5695,-3.5653],[128.5001,-3.5135],[128.4493,-3.51],[128.4136,-3.5391],[128.4207,-3.6329]]],[[[128.6639,-3.6066],[128.6546,-3.5728],[128.7335,-3.6177],[128.7302,-3.5127],[128.6941,-3.4942],[128.6827,-3.5443],[128.604,-3.497],[128.5661,-3.4983],[128.5545,-3.5278],[128.5964,-3.552],[128.6457,-3.63],[128.6639,-3.6066]]],[[[126.6919,-3.8613],[126.8462,-3.7906],[126.9559,-3.7694],[127.0512,-3.6891],[127.1169,-3.6651],[127.1909,-3.6759],[127.2235,-3.6595],[127.251,-3.5931],[127.2587,-3.3736],[127.1601,-3.3367],[127.1242,-3.3831],[127.0711,-3.3632],[127.0708,-3.322],[127.0494,-3.336],[127.0347,-3.2655],[127.121,-3.2766],[127.1111,-3.2356],[126.9838,-3.1386],[126.8952,-3.1279],[126.7891,-3.0593],[126.3062,-3.0938],[126.2596,-3.1328],[126.2353,-3.132],[126.2224,-3.1833],[126.1323,-3.1595],[126.0893,-3.1133],[126.0174,-3.1739],[126.0072,-3.358],[126.0719,-3.475],[126.1606,-3.5399],[126.1814,-3.6126],[126.233,-3.6185],[126.281,-3.6638],[126.5224,-3.7945],[126.634,-3.8212],[126.6919,-3.8613]]],[[[127.6251,-3.3074],[127.5517,-3.2596],[127.4874,-3.2983],[127.5063,-3.3294],[127.6035,-3.3513],[127.617,-3.3691],[127.6567,-3.3662],[127.6251,-3.3074]]],[[[127.7993,-3.2012],[127.7608,-3.1514],[127.7209,-3.1599],[127.638,-3.2246],[127.7043,-3.2595],[127.7887,-3.2567],[127.7993,-3.2012]]],[[[127.8227,-3.153],[127.7857,-3.152],[127.8063,-3.1713],[127.8227,-3.153]]],[[[127.944,-3.0166],[128.0017,-2.9459],[127.9915,-2.9242],[127.9454,-2.9246],[127.8812,-2.9591],[127.8659,-3.0081],[127.8386,-3.0262],[127.9149,-3.0383],[127.944,-3.0166]]],[[[129.0316,-8.237],[129.029,-8.2171],[128.965,-8.1855],[128.8627,-8.1841],[128.8263,-8.2028],[128.9244,-8.2454],[128.951,-8.2253],[129.0026,-8.2589],[129.0316,-8.237]]],[[[130.7938,-8.3447],[130.8982,-8.2872],[130.8875,-8.2463],[130.9236,-8.2303],[130.9893,-8.2354],[131.053,-8.2067],[131.1397,-8.1609],[131.1661,-8.1188],[131.1263,-8.1165],[131.0809,-8.1573],[131.0671,-8.1515],[131.0808,-8.1109],[131.0334,-8.0769],[131.0005,-8.0927],[130.9853,-8.1162],[130.9977,-8.1316],[130.9447,-8.1409],[130.9371,-8.1257],[130.9159,-8.1434],[130.929,-8.1992],[130.8236,-8.2542],[130.7805,-8.3186],[130.7938,-8.3447]]],[[[129.8263,-8.2123],[129.9253,-8.1063],[129.9125,-8.0963],[129.8482,-8.1418],[129.8263,-8.2123]]],[[[129.5823,-7.8919],[129.6739,-8.0112],[129.7528,-8.0548],[129.7928,-8.0429],[129.8676,-7.9063],[129.8186,-7.8168],[129.6755,-7.786],[129.5966,-7.8226],[129.5823,-7.8919]]],[[[129.5551,-7.9365],[129.5703,-7.909],[129.553,-7.8731],[129.5258,-7.8687],[129.515,-7.9229],[129.5441,-7.9508],[129.5551,-7.9365]]],[[[130.0885,-7.7854],[130.0929,-7.7623],[130.0641,-7.754],[130.0588,-7.7671],[130.0885,-7.7854]]],[[[130.0035,-7.7422],[130.0257,-7.7449],[130.0117,-7.7072],[129.9882,-7.7144],[130.0035,-7.7422]]],[[[129.7083,-7.5533],[129.6668,-7.5278],[129.6618,-7.5548],[129.6919,-7.5734],[129.7083,-7.5533]]],[[[130.8584,-7.5029],[130.8333,-7.5549],[130.894,-7.5779],[130.9451,-7.5495],[130.9724,-7.5657],[130.9607,-7.5131],[130.9371,-7.5263],[130.8584,-7.5029]]],[[[129.1516,-6.9531],[129.1253,-6.963],[129.1279,-6.9835],[129.1462,-6.9905],[129.163,-6.9689],[129.1516,-6.9531]]],[[[129.5341,-6.7177],[129.4924,-6.7232],[129.4868,-6.7409],[129.5119,-6.7583],[129.5341,-6.7177]]],[[[129.9435,-4.564],[129.9448,-4.5229],[129.8827,-4.5522],[129.9435,-4.564]]],[[[130.9204,-3.9034],[130.9503,-3.8897],[130.9271,-3.8743],[130.9204,-3.9034]]],[[[128.8022,-3.6867],[128.8064,-3.6476],[128.7598,-3.6481],[128.7663,-3.6929],[128.8022,-3.6867]]],[[[127.8954,-3.4899],[127.9081,-3.529],[127.9368,-3.5434],[127.9601,-3.5281],[127.9462,-3.4653],[127.9896,-3.3762],[128.0092,-3.3828],[128.0509,-3.3465],[128.091,-3.1304],[128.1542,-3.0693],[128.1841,-3.0651],[128.2018,-3.1264],[128.1733,-3.1446],[128.1601,-3.1983],[128.1818,-3.2309],[128.2655,-3.2025],[128.405,-3.4285],[128.4721,-3.4596],[128.5949,-3.4261],[128.6732,-3.4332],[128.6979,-3.4142],[128.6714,-3.3714],[128.7289,-3.3081],[128.8855,-3.2035],[128.9662,-3.2262],[128.967,-3.2902],[128.9279,-3.3228],[128.9349,-3.3562],[129.0828,-3.3413],[129.2878,-3.414],[129.4045,-3.4171],[129.5386,-3.4694],[129.5657,-3.4471],[129.5661,-3.4141],[129.4969,-3.3272],[129.5248,-3.2982],[129.9287,-3.3381],[129.96,-3.3587],[129.9706,-3.4253],[130.0205,-3.4839],[130.0981,-3.5006],[130.1329,-3.5326],[130.3528,-3.6212],[130.417,-3.6323],[130.4857,-3.7075],[130.5703,-3.723],[130.6095,-3.7853],[130.7669,-3.8281],[130.7772,-3.8489],[130.8188,-3.851],[130.8216,-3.8701],[130.8504,-3.8629],[130.8212,-3.8338],[130.8218,-3.7027],[130.8323,-3.659],[130.8804,-3.6136],[130.8809,-3.5826],[130.8077,-3.4915],[130.8103,-3.4718],[130.8427,-3.4667],[130.8052,-3.407],[130.6824,-3.4054],[130.6459,-3.3759],[130.6326,-3.2415],[130.6,-3.1476],[130.5528,-3.1073],[130.4915,-3.0995],[130.3835,-2.9876],[130.3153,-2.972],[130.1808,-3.0101],[130.1501,-2.9868],[130.0251,-2.9994],[130.0111,-2.9786],[129.9106,-2.9437],[129.8803,-2.8972],[129.8088,-2.9118],[129.7898,-2.8685],[129.646,-2.829],[129.6175,-2.8024],[129.5475,-2.8003],[129.525,-2.7739],[129.4957,-2.7943],[129.3771,-2.7895],[129.3447,-2.86],[129.2044,-2.9471],[129.186,-2.9223],[129.1286,-2.9692],[129.0833,-2.9391],[129.0636,-2.8979],[129.0534,-2.7961],[128.9593,-2.8412],[128.8374,-2.8664],[128.6909,-2.8577],[128.6689,-2.8403],[128.5703,-2.854],[128.5078,-2.8341],[128.3797,-2.8718],[128.2383,-2.8539],[128.1871,-2.8671],[128.1291,-2.9049],[128.1416,-2.9243],[128.1112,-2.9592],[128.0808,-2.961],[128.0778,-2.9868],[128.1142,-2.9706],[128.122,-2.9956],[128.0882,-3.0182],[128.1142,-3.0638],[128,-3.0707],[127.8982,-3.1581],[127.8396,-3.1633],[127.8734,-3.1934],[127.8881,-3.2715],[127.9426,-3.351],[127.8954,-3.4899]]],[[[130.8003,-3.3317],[130.7975,-3.3065],[130.7761,-3.2984],[130.7682,-3.3245],[130.8003,-3.3317]]],[[[131.0257,-7.7103],[131.0494,-7.6832],[131.0882,-7.7037],[131.1198,-7.6448],[130.9699,-7.6809],[130.9674,-7.7411],[131.0257,-7.7103]]],[[[131.0814,-7.7632],[131.0879,-7.7269],[131.0684,-7.7532],[131.0814,-7.7632]]],[[[131.1467,-7.5197],[131.1295,-7.521],[131.135,-7.5428],[131.1543,-7.5446],[131.1467,-7.5197]]],[[[131.1332,-7.4618],[131.1703,-7.4227],[131.1619,-7.4054],[130.9806,-7.4363],[130.969,-7.4898],[131.0598,-7.5238],[131.1332,-7.4618]]],[[[131.3319,-7.9536],[131.3444,-7.9073],[131.3627,-7.9117],[131.3635,-7.8703],[131.4606,-7.8107],[131.487,-7.7288],[131.5537,-7.7234],[131.6319,-7.6222],[131.6758,-7.4629],[131.6485,-7.394],[131.677,-7.3917],[131.6803,-7.3719],[131.6514,-7.3518],[131.6328,-7.2534],[131.652,-7.2315],[131.7117,-7.232],[131.7468,-7.2105],[131.708,-7.1435],[131.6511,-7.1791],[131.6591,-7.1225],[131.537,-7.1424],[131.5184,-7.172],[131.526,-7.2371],[131.4744,-7.2406],[131.4374,-7.3008],[131.4434,-7.3432],[131.4035,-7.3354],[131.38,-7.3536],[131.3658,-7.3732],[131.3833,-7.3931],[131.3581,-7.4022],[131.3424,-7.4452],[131.2893,-7.4376],[131.242,-7.4708],[131.1559,-7.672],[131.2309,-7.7195],[131.177,-7.7249],[131.1226,-7.6821],[131.106,-7.7065],[131.1475,-7.81],[131.1379,-7.8373],[131.1099,-7.8232],[131.0821,-7.8477],[131.0795,-7.8748],[131.1189,-7.9022],[131.1028,-7.9961],[131.2378,-8.002],[131.2853,-7.9243],[131.3073,-7.9617],[131.2859,-8.0032],[131.3006,-8.0226],[131.3416,-7.9907],[131.3319,-7.9536]]],[[[131.2648,-7.3201],[131.2545,-7.3038],[131.2081,-7.3587],[131.2643,-7.3792],[131.287,-7.3354],[131.2648,-7.3201]]],[[[131.4897,-7.1687],[131.4519,-7.1972],[131.4892,-7.2088],[131.4897,-7.1687]]],[[[131.4518,-7.1021],[131.4318,-7.1266],[131.4471,-7.1394],[131.4518,-7.1021]]],[[[131.4925,-6.8674],[131.4572,-6.9146],[131.4882,-6.9197],[131.5147,-6.879],[131.4925,-6.8674]]],[[[131.3638,-4.121],[131.2814,-4.0705],[131.2738,-4.0867],[131.3008,-4.127],[131.3927,-4.1546],[131.3638,-4.121]]],[[[131.2383,-4.0323],[131.2438,-4.0064],[131.2051,-3.9824],[131.2193,-4.0349],[131.2383,-4.0323]]],[[[131.4495,-4.0652],[131.4227,-3.9523],[131.3668,-3.9732],[131.4234,-4.0772],[131.4495,-4.0652]]],[[[131.9573,-7.1654],[131.9333,-7.1169],[131.8791,-7.1072],[131.7406,-7.1202],[131.7137,-7.1541],[131.7638,-7.1822],[131.7803,-7.1647],[131.8719,-7.1676],[131.9011,-7.1853],[131.9091,-7.2286],[131.9505,-7.2524],[131.9742,-7.2439],[131.9777,-7.1892],[131.9573,-7.1654]]],[[[131.9537,-7.0592],[132.0068,-6.9912],[131.9149,-7.0514],[131.9093,-7.0806],[131.9537,-7.0592]]],[[[131.5614,-6.7838],[131.557,-6.7402],[131.5773,-6.7109],[131.5944,-6.7267],[131.6232,-6.6779],[131.5763,-6.6684],[131.5221,-6.7441],[131.5282,-6.8042],[131.5614,-6.7838]]],[[[132.1986,-5.7285],[132.1731,-5.7278],[132.173,-5.7539],[132.1949,-5.7616],[132.1986,-5.7285]]],[[[131.9864,-5.3753],[132.0208,-5.3432],[132.0128,-5.3047],[131.9694,-5.3381],[131.962,-5.3691],[131.9864,-5.3753]]],[[[131.7495,-4.7662],[131.7586,-4.7295],[131.7378,-4.7042],[131.7276,-4.7548],[131.7495,-4.7662]]],[[[131.6794,-4.5281],[131.6316,-4.4379],[131.6197,-4.4454],[131.6576,-4.5379],[131.6794,-4.5281]]],[[[132.741,-5.9506],[132.7799,-5.9423],[132.8143,-5.8495],[132.8089,-5.8009],[132.7721,-5.7682],[132.7734,-5.7178],[132.75,-5.7219],[132.7384,-5.6904],[132.743,-5.6485],[132.691,-5.651],[132.7105,-5.5934],[132.6762,-5.6295],[132.6442,-5.6138],[132.6349,-5.6673],[132.6548,-5.6848],[132.6479,-5.7075],[132.6788,-5.7282],[132.6694,-5.7757],[132.6899,-5.8356],[132.6629,-5.8988],[132.6959,-5.9144],[132.7306,-5.898],[132.7209,-5.9473],[132.741,-5.9506]]],[[[132.7846,-5.7348],[132.7802,-5.7712],[132.7917,-5.7721],[132.7846,-5.7348]]],[[[132.8523,-5.9929],[132.9603,-5.8548],[132.9422,-5.8237],[132.9625,-5.7431],[133.1021,-5.5994],[133.1691,-5.3521],[133.1882,-5.345],[133.1913,-5.3148],[133.154,-5.2725],[133.1141,-5.2917],[133.074,-5.3877],[133.0099,-5.631],[132.9458,-5.6786],[132.9367,-5.7703],[132.8816,-5.8446],[132.8856,-5.9067],[132.8523,-5.9929]]],[[[132.2591,-5.5824],[132.3,-5.6522],[132.3196,-5.6271],[132.2591,-5.5824]]],[[[132.7954,-5.6523],[132.8165,-5.558],[132.7932,-5.5645],[132.8024,-5.5278],[132.7751,-5.5438],[132.7435,-5.6121],[132.7446,-5.6527],[132.7701,-5.6894],[132.7954,-5.6523]]],[[[132.3497,-5.5517],[132.3187,-5.5209],[132.3024,-5.5302],[132.3236,-5.5797],[132.3619,-5.5634],[132.3497,-5.5517]]],[[[132.7481,-5.5329],[132.7068,-5.5306],[132.6967,-5.5501],[132.7458,-5.5479],[132.7481,-5.5329]]],[[[134.2503,-6.8894],[134.3326,-6.8608],[134.3751,-6.8201],[134.3663,-6.7823],[134.4019,-6.7547],[134.3953,-6.7322],[134.4473,-6.6949],[134.4293,-6.6758],[134.4926,-6.6586],[134.5298,-6.582],[134.4853,-6.5814],[134.4742,-6.547],[134.4951,-6.5112],[134.4608,-6.4341],[134.4359,-6.4448],[134.4067,-6.4001],[134.339,-6.3888],[134.2948,-6.3495],[134.3095,-6.305],[134.2661,-6.2608],[134.2147,-6.2194],[134.1661,-6.214],[134.117,-6.1605],[134.0991,-6.164],[134.1307,-6.2742],[134.1202,-6.425],[134.1412,-6.4633],[134.1813,-6.4466],[134.2161,-6.49],[134.1513,-6.4906],[134.1164,-6.4486],[134.0831,-6.6984],[134.0527,-6.7722],[134.07,-6.8264],[134.1486,-6.8664],[134.1956,-6.9318],[134.2503,-6.8894]]],[[[134.2949,-6.2862],[134.3375,-6.2563],[134.3373,-6.2266],[134.3024,-6.1686],[134.2325,-6.1268],[134.2453,-6.0728],[134.2268,-6.0162],[134.1621,-6.0407],[134.1414,-6.0131],[134.1147,-6.1007],[134.14,-6.1436],[134.1876,-6.1214],[134.2002,-6.145],[134.164,-6.1875],[134.2301,-6.2019],[134.2949,-6.2862]]],[[[134.1978,-5.7527],[134.1887,-5.8121],[134.207,-5.8354],[134.2409,-5.8291],[134.2513,-5.7756],[134.1978,-5.7527]]],[[[134.326,-5.5629],[134.3059,-5.5635],[134.2822,-5.6075],[134.2462,-5.6293],[134.2777,-5.6461],[134.3261,-5.6106],[134.3473,-5.5756],[134.326,-5.5629]]],[[[134.2752,-5.4863],[134.2542,-5.4874],[134.2573,-5.5265],[134.2832,-5.525],[134.2752,-5.4863]]],[[[134.378,-6.2796],[134.3627,-6.2547],[134.3201,-6.2737],[134.3407,-6.3067],[134.378,-6.2796]]],[[[134.4583,-6.2758],[134.3794,-6.3198],[134.3615,-6.3648],[134.3793,-6.399],[134.4822,-6.4477],[134.5333,-6.3414],[134.4583,-6.2758]]],[[[134.3923,-6.2578],[134.3792,-6.2653],[134.3865,-6.3116],[134.4221,-6.2814],[134.3923,-6.2578]]],[[[134.4286,-6.2369],[134.4175,-6.2235],[134.3992,-6.2388],[134.4229,-6.2612],[134.4286,-6.2369]]],[[[134.3411,-6.0262],[134.4381,-6.0125],[134.4674,-5.9583],[134.5361,-5.9157],[134.5851,-5.9334],[134.6149,-5.8842],[134.6895,-5.8334],[134.6854,-5.7737],[134.6374,-5.7138],[134.6185,-5.7255],[134.5725,-5.6569],[134.5457,-5.6512],[134.5274,-5.5643],[134.4524,-5.5511],[134.415,-5.6409],[134.3552,-5.686],[134.3653,-5.7133],[134.3434,-5.7283],[134.2383,-5.6711],[134.2116,-5.7202],[134.2601,-5.7595],[134.2847,-5.7517],[134.3342,-5.7981],[134.3679,-5.7686],[134.3955,-5.7891],[134.3751,-5.7992],[134.3715,-5.8487],[134.3316,-5.8595],[134.3368,-5.883],[134.294,-5.9175],[134.3324,-5.9412],[134.3022,-6.013],[134.3411,-6.0262]]],[[[134.4926,-7.0638],[134.4758,-7.0869],[134.5192,-7.0959],[134.5342,-7.0797],[134.4926,-7.0638]]],[[[134.5055,-6.7249],[134.4794,-6.7589],[134.5138,-6.7565],[134.5055,-6.7249]]],[[[134.5179,-6.6709],[134.5036,-6.6907],[134.5158,-6.7109],[134.5179,-6.6709]]],[[[134.5382,-6.7493],[134.511,-6.7735],[134.5357,-6.7775],[134.5382,-6.7493]]],[[[134.6339,-6.4812],[134.6431,-6.4566],[134.6267,-6.4506],[134.58,-6.5033],[134.5905,-6.5182],[134.6339,-6.4812]]],[[[134.5914,-6.4642],[134.6085,-6.4455],[134.5988,-6.388],[134.522,-6.3685],[134.4849,-6.4478],[134.5165,-6.5315],[134.5463,-6.5372],[134.5914,-6.4642]]],[[[134.2864,-6.1415],[134.3443,-6.2186],[134.3623,-6.2075],[134.3983,-6.2346],[134.4412,-6.2236],[134.4467,-6.2635],[134.4658,-6.2562],[134.4787,-6.2952],[134.4921,-6.2833],[134.533,-6.3064],[134.5524,-6.3517],[134.615,-6.3717],[134.7291,-6.3017],[134.7825,-6.0936],[134.7551,-6.0487],[134.6631,-5.9755],[134.6572,-5.9442],[134.5362,-5.9187],[134.4694,-5.9596],[134.4393,-6.0145],[134.3824,-6.0196],[134.3609,-6.04],[134.3255,-6.0235],[134.28,-6.0481],[134.2864,-6.1415]]],[[[134.629,-5.8919],[134.6134,-5.8886],[134.5883,-5.9353],[134.609,-5.9391],[134.629,-5.8919]]],[[[134.598,-5.5679],[134.6788,-5.5724],[134.6988,-5.5119],[134.6546,-5.4841],[134.6477,-5.4401],[134.627,-5.427],[134.5718,-5.4187],[134.555,-5.4384],[134.4997,-5.42],[134.4982,-5.4888],[134.5182,-5.5176],[134.5058,-5.5528],[134.598,-5.5679]]],[[[134.5924,-5.358],[134.5626,-5.3872],[134.5772,-5.394],[134.6049,-5.3684],[134.5924,-5.358]]],[[[134.5892,-5.3298],[134.5074,-5.3688],[134.5083,-5.3919],[134.534,-5.4103],[134.5555,-5.3987],[134.58,-5.3534],[134.6006,-5.3531],[134.5892,-5.3298]]],[[[134.6738,-6.8448],[134.6076,-6.8841],[134.6151,-6.8987],[134.6738,-6.8448]]],[[[134.7135,-6.7267],[134.7606,-6.6294],[134.7031,-6.5787],[134.656,-6.6939],[134.6248,-6.715],[134.6227,-6.7558],[134.6531,-6.7799],[134.6851,-6.7763],[134.7135,-6.7267]]],[[[134.7151,-6.4588],[134.6924,-6.4426],[134.6401,-6.4772],[134.6817,-6.5635],[134.7225,-6.5413],[134.7371,-6.5548],[134.764,-6.5292],[134.7151,-6.4588]]],[[[134.7201,-5.8334],[134.6348,-5.8711],[134.6291,-5.9177],[134.7337,-5.9791],[134.7438,-5.9656],[134.7113,-5.8915],[134.7725,-5.8882],[134.7543,-5.8464],[134.7201,-5.8334]]],[[[134.6875,-5.7737],[134.6915,-5.796],[134.7301,-5.8104],[134.7474,-5.7854],[134.7413,-5.7409],[134.6755,-5.727],[134.6681,-5.7515],[134.6875,-5.7737]]],[[[134.7356,-5.7037],[134.7053,-5.7094],[134.7002,-5.7347],[134.7161,-5.742],[134.7356,-5.7037]]],[[[134.5423,-5.6361],[134.6162,-5.7232],[134.6393,-5.7117],[134.7005,-5.727],[134.764,-5.6665],[134.7477,-5.6202],[134.5534,-5.5614],[134.531,-5.5723],[134.5423,-5.6361]]],[[[134.7558,-6.3722],[134.7338,-6.379],[134.7285,-6.424],[134.7432,-6.4341],[134.7558,-6.3722]]],[[[134.7753,-6.6034],[134.7636,-6.6251],[134.7817,-6.6416],[134.7979,-6.6318],[134.7753,-6.6034]]],[[[134.8283,-6.4828],[134.775,-6.5144],[134.7771,-6.5454],[134.8128,-6.5619],[134.8468,-6.5025],[134.8283,-6.4828]]],[[[134.8738,-6.2862],[134.8542,-6.2826],[134.7971,-6.3886],[134.8014,-6.4485],[134.8452,-6.4764],[134.9001,-6.3529],[134.906,-6.3098],[134.8738,-6.2862]]],[[[134.8328,-6.3024],[134.7874,-6.3336],[134.7999,-6.3586],[134.8328,-6.3024]]],[[[134.813,-5.739],[134.788,-5.7316],[134.7826,-5.751],[134.813,-5.739]]]]}},{"type":"Feature","properties":{"code":"82","name":"Maluku Utara","bbox":[124.2914,-2.4767,129.9232,2.6452]},"geometry":{"type":"MultiPolygon","coordinates":[[[[126.0734,-2.4336],[125.9631,-2.1831],[125.9622,-2.1137],[125.9922,-2.0276],[125.9382,-1.9776],[125.9069,-1.9763],[125.8587,-2.0587],[125.8807,-2.2122],[125.9588,-2.3256],[125.9915,-2.4409],[126.0461,-2.4767],[126.0734,-2.4336]]],[[[124.3937,-2.0333],[124.3748,-2.0596],[124.3915,-2.069],[124.4052,-2.0427],[124.3937,-2.0333]]],[[[124.3335,-1.9674],[124.304,-1.9971],[124.3625,-2.0363],[124.3663,-1.9702],[124.3335,-1.9674]]],[[[125.6991,-1.9289],[125.784,-1.9278],[125.8425,-1.895],[125.9179,-1.939],[126.0984,-1.8787],[126.1385,-1.891],[126.2078,-1.8672],[126.2465,-1.8787],[126.3226,-1.841],[126.1969,-1.8045],[125.9136,-1.7931],[125.6289,-1.8281],[125.5385,-1.7866],[125.486,-1.8181],[125.4582,-1.7783],[125.4284,-1.8093],[125.4088,-1.7765],[125.3657,-1.7814],[125.3318,-1.8261],[125.3326,-1.8758],[125.359,-1.8845],[125.3726,-1.8566],[125.436,-1.8881],[125.4402,-1.9283],[125.4227,-1.9504],[125.6991,-1.9289]]],[[[124.4369,-2.0252],[124.6921,-1.9705],[124.7704,-1.9178],[124.8623,-1.8916],[124.8885,-1.924],[124.9762,-1.9373],[125.0196,-1.9291],[125.014,-1.8991],[125.0584,-1.885],[125.0927,-1.8977],[125.1708,-1.8752],[125.3077,-1.8924],[125.3268,-1.8844],[125.3211,-1.784],[125.2953,-1.7797],[125.2935,-1.7323],[125.2416,-1.7251],[125.2128,-1.793],[125.1819,-1.7842],[125.205,-1.7285],[125.1363,-1.6865],[125.1079,-1.6919],[125.0966,-1.7446],[125.0681,-1.7727],[125.0219,-1.7606],[124.9928,-1.7135],[124.956,-1.6963],[124.93,-1.7056],[124.672,-1.644],[124.5572,-1.6382],[124.4013,-1.6601],[124.3628,-1.7025],[124.3373,-1.8906],[124.379,-1.9424],[124.3922,-2.0188],[124.4369,-2.0252]]],[[[124.2914,-1.7453],[124.2994,-1.7803],[124.3128,-1.7778],[124.2914,-1.7453]]],[[[126.4532,-1.803],[126.3709,-1.8225],[126.4589,-1.839],[126.4673,-1.8043],[126.4532,-1.803]]],[[[127.0321,-0.2578],[127.0362,-0.2878],[127.0916,-0.2578],[127.0596,-0.2282],[127.0321,-0.2578]]],[[[127.0961,-0.2543],[127.1522,-0.1843],[127.1293,-0.1784],[127.0895,-0.2268],[127.0961,-0.2543]]],[[[126.3917,1.2862],[126.4152,1.3275],[126.3812,1.3517],[126.3568,1.3227],[126.3917,1.2862]]],[[[127.2443,-0.7651],[127.2883,-0.795],[127.3345,-0.7863],[127.2941,-0.7306],[127.302,-0.6809],[127.2638,-0.6623],[127.2467,-0.6289],[127.2707,-0.6177],[127.2222,-0.6032],[127.205,-0.6171],[127.2121,-0.6722],[127.1932,-0.6761],[127.1647,-0.7479],[127.2004,-0.7788],[127.2443,-0.7651]]],[[[127.2281,-0.5114],[127.2787,-0.4513],[127.2634,-0.4053],[127.288,-0.3739],[127.2559,-0.3387],[127.2569,-0.2917],[127.2891,-0.2922],[127.2384,-0.2475],[127.1478,-0.2582],[127.1181,-0.2856],[127.1361,-0.3072],[127.1358,-0.3596],[127.1157,-0.3873],[127.1236,-0.4435],[127.1496,-0.4622],[127.1187,-0.4875],[127.149,-0.5263],[127.2281,-0.5114]]],[[[127.2156,-0.1335],[127.2613,-0.1254],[127.2741,-0.0838],[127.2401,-0.0782],[127.2319,-0.1077],[127.2046,-0.1164],[127.2156,-0.1335]]],[[[127.3947,-1.4846],[127.378,-1.5218],[127.395,-1.5241],[127.3947,-1.4846]]],[[[127.3518,-1.4332],[127.3943,-1.4122],[127.3811,-1.3693],[127.2816,-1.4151],[127.3311,-1.4468],[127.3518,-1.4332]]],[[[127.4437,-1.1938],[127.4318,-1.1595],[127.4097,-1.1651],[127.4072,-1.1984],[127.427,-1.2212],[127.4437,-1.1938]]],[[[127.3434,-0.6527],[127.4156,-0.6431],[127.3855,-0.6113],[127.3336,-0.6168],[127.3434,-0.6527]]],[[[127.3477,0.314],[127.3926,0.2757],[127.4141,0.28],[127.44,0.3152],[127.4379,0.3492],[127.4143,0.3754],[127.3793,0.3655],[127.3477,0.314]]],[[[127.4219,0.4336],[127.4386,0.4469],[127.4281,0.4691],[127.3857,0.4707],[127.4001,0.4328],[127.4219,0.4336]]],[[[127.4073,0.6227],[127.4563,0.6726],[127.4601,0.7161],[127.4467,0.746],[127.4054,0.7585],[127.3846,0.7467],[127.3621,0.6781],[127.3785,0.6307],[127.4073,0.6227]]],[[[127.3228,0.7547],[127.3705,0.7596],[127.3915,0.7906],[127.3864,0.8333],[127.3248,0.8671],[127.2935,0.8169],[127.3228,0.7547]]],[[[127.3221,0.8831],[127.3161,0.913],[127.3026,0.8982],[127.3221,0.8831]]],[[[127.4451,-0.0204],[127.467,-0.0407],[127.465,0.0741],[127.4458,0.0765],[127.4411,0.1306],[127.4255,0.139],[127.404,0.0199],[127.4291,0.0244],[127.4451,-0.0204]]],[[[127.5262,1.7196],[127.5111,1.692],[127.5352,1.6894],[127.5262,1.7196]]],[[[127.602,-1.8472],[127.6361,-1.8458],[127.6311,-1.8204],[127.5741,-1.8382],[127.5725,-1.8604],[127.602,-1.8472]]],[[[127.501,-1.2692],[127.5569,-1.2487],[127.67,-1.2917],[127.6891,-1.2826],[127.6963,-1.2288],[127.5996,-1.2107],[127.5545,-1.1755],[127.5101,-1.1784],[127.5092,-1.2025],[127.4655,-1.2405],[127.501,-1.2692]]],[[[127.3495,-0.5544],[127.4094,-0.6156],[127.4807,-0.6299],[127.4439,-0.7288],[127.4747,-0.8233],[127.6296,-0.7409],[127.6516,-0.7481],[127.6817,-0.8377],[127.7628,-0.866],[127.8411,-0.8442],[127.9018,-0.7698],[127.8633,-0.7092],[127.797,-0.6786],[127.669,-0.7052],[127.6413,-0.6269],[127.5984,-0.6164],[127.6018,-0.5748],[127.6908,-0.4655],[127.6503,-0.4153],[127.6145,-0.4016],[127.5688,-0.3152],[127.521,-0.3009],[127.4573,-0.4162],[127.4174,-0.3932],[127.4126,-0.3585],[127.3724,-0.3164],[127.3303,-0.3495],[127.3383,-0.384],[127.2911,-0.4703],[127.3495,-0.5544]]],[[[127.748,-0.3276],[127.739,-0.3693],[127.7573,-0.3752],[127.748,-0.3276]]],[[[127.4653,-1.6949],[127.5056,-1.7257],[127.5977,-1.7377],[127.6179,-1.7175],[127.6678,-1.7242],[127.7207,-1.6861],[127.8164,-1.7007],[127.8869,-1.683],[127.9861,-1.701],[128.0207,-1.7257],[128.1551,-1.6842],[128.168,-1.6372],[128.111,-1.5605],[128.09,-1.5837],[128.0597,-1.5665],[127.9362,-1.4491],[127.8851,-1.4272],[127.8459,-1.4381],[127.7322,-1.344],[127.6419,-1.3307],[127.5191,-1.4177],[127.5037,-1.4534],[127.4334,-1.4372],[127.3979,-1.6267],[127.4085,-1.662],[127.4653,-1.6949]]],[[[127.8007,2.2722],[127.7602,2.2704],[127.7726,2.2197],[127.8166,2.2309],[127.8248,2.2696],[127.8007,2.2722]]],[[[127.4264,1.0442],[127.4793,1.0644],[127.5014,1.0412],[127.5122,0.9531],[127.4912,0.9275],[127.4929,0.8914],[127.6268,0.8594],[127.6376,0.8146],[127.6021,0.7602],[127.5475,0.729],[127.5273,0.5528],[127.5596,0.5208],[127.579,0.4143],[127.6223,0.3962],[127.6233,0.3594],[127.6583,0.344],[127.7073,0.3525],[127.7343,0.311],[127.6918,0.1459],[127.6914,0.1004],[127.713,0.103],[127.7221,0.0723],[127.6988,0.0139],[127.7,-0.0982],[127.6612,-0.2086],[127.6874,-0.27],[127.8647,-0.3669],[128.0121,-0.6786],[128.0647,-0.717],[128.227,-0.7744],[128.2559,-0.7967],[128.2322,-0.8481],[128.2909,-0.8808],[128.3134,-0.8675],[128.4206,-0.8994],[128.43,-0.8785],[128.2131,-0.6975],[128.0494,-0.4176],[127.9884,-0.2794],[127.9469,-0.1136],[127.8896,-0.0032],[127.8876,0.0834],[127.9254,0.1082],[127.9237,0.2153],[127.9182,0.2745],[127.8723,0.3103],[127.8795,0.3524],[127.9011,0.3626],[127.9166,0.4547],[127.9679,0.4812],[128.0801,0.4765],[128.0897,0.4605],[128.1684,0.4568],[128.1818,0.4278],[128.2807,0.3963],[128.4435,0.404],[128.487,0.3873],[128.5586,0.3182],[128.8452,0.261],[128.8584,0.2309],[128.8688,0.24],[128.8354,0.2927],[128.6782,0.3366],[128.6662,0.3614],[128.6869,0.4051],[128.6694,0.4898],[128.6869,0.5185],[128.6783,0.5503],[128.5721,0.562],[128.4345,0.6324],[128.3192,0.6557],[128.1984,0.7898],[128.2482,0.8402],[128.2987,0.8288],[128.2797,0.8668],[128.3342,0.912],[128.4408,0.9296],[128.5391,0.9764],[128.6181,1.0468],[128.685,1.068],[128.6906,1.1961],[128.7187,1.2484],[128.71,1.2881],[128.7468,1.3318],[128.756,1.3981],[128.7128,1.4173],[128.6794,1.4937],[128.697,1.5364],[128.7289,1.5332],[128.7225,1.5725],[128.6703,1.5899],[128.555,1.5678],[128.5053,1.5331],[128.4717,1.5517],[128.3673,1.4986],[128.3462,1.4606],[128.1666,1.3663],[128.0865,1.2611],[128.0921,1.243],[128.1799,1.2427],[128.195,1.1647],[128.1657,1.1245],[128.0688,1.1225],[127.988,1.0905],[127.9335,1.0022],[127.934,0.8877],[127.8834,0.8294],[127.8005,0.7971],[127.7537,0.808],[127.7,0.8762],[127.667,0.8744],[127.6299,0.9429],[127.6509,1.0223],[127.7585,1.069],[127.83,1.1487],[127.9031,1.1502],[127.9148,1.2192],[127.9723,1.2761],[127.9732,1.3012],[128.0097,1.3121],[127.9894,1.3802],[128.0237,1.4044],[128.0097,1.4244],[128.0372,1.5814],[127.9877,1.6143],[127.9912,1.661],[128.0214,1.6889],[128.0109,1.7383],[127.9281,1.8097],[127.8884,1.7969],[127.8482,1.8184],[127.8419,1.8495],[127.8514,1.9251],[127.9521,1.9918],[127.9479,2.0244],[127.9703,2.0636],[128.0642,2.1716],[128.0672,2.1975],[127.9802,2.1809],[127.9776,2.2072],[127.8372,2.0903],[127.7846,2.008],[127.7066,1.9454],[127.6137,1.7834],[127.5733,1.7564],[127.5764,1.7253],[127.5582,1.7154],[127.5793,1.6946],[127.5792,1.6584],[127.5415,1.6437],[127.5518,1.5922],[127.5161,1.5686],[127.5319,1.4719],[127.4085,1.2344],[127.4025,1.1984],[127.4303,1.1549],[127.3972,1.0604],[127.4264,1.0442]]],[[[128.1671,2.2899],[128.1847,2.3663],[128.1663,2.4126],[128.1252,2.3337],[128.1387,2.2991],[128.1671,2.2899]]],[[[128.3592,-1.6071],[128.3137,-1.6136],[128.2948,-1.6451],[128.3188,-1.6642],[128.3609,-1.6473],[128.3592,-1.6071]]],[[[128.3214,-0.939],[128.3074,-0.9649],[128.3392,-0.9793],[128.3288,-1.0166],[128.357,-1.0375],[128.4038,-1.0365],[128.4199,-1.0156],[128.3214,-0.939]]],[[[128.3628,-1.1195],[128.4183,-1.0943],[128.3515,-1.0783],[128.3628,-1.1195]]],[[[128.1972,2.2795],[128.2169,2.2801],[128.2494,2.2375],[128.2533,2.0948],[128.3005,2.036],[128.5212,2.0673],[128.5777,2.1117],[128.5748,2.1368],[128.6215,2.2115],[128.654,2.3109],[128.6504,2.3692],[128.6886,2.4124],[128.6873,2.5022],[128.6738,2.4988],[128.5667,2.6452],[128.5217,2.5758],[128.4613,2.5956],[128.4072,2.5259],[128.3239,2.4718],[128.2753,2.3587],[128.1972,2.2795]]],[[[129.5672,-0.1676],[129.5466,-0.1304],[129.4726,-0.0869],[129.4058,-0.0178],[129.2876,0.0502],[129.2881,0.0297],[129.3622,-0.0028],[129.3822,-0.0719],[129.4682,-0.1036],[129.537,-0.2133],[129.5618,-0.212],[129.5672,-0.1676]]],[[[129.6496,-0.0457],[129.6027,-0.0047],[129.5837,-0.0104],[129.6078,-0.0647],[129.6496,-0.0457]]],[[[129.8641,0.3238],[129.8894,0.2733],[129.9232,0.2851],[129.9037,0.3197],[129.8641,0.3238]]],[[[128.825,0.5558],[128.8052,0.5578],[128.861,0.4911],[128.825,0.5558]]]]}},{"type":"Feature","properties":{"code":"52","name":"Nusa Tenggara Barat","bbox":[115.8235,-9.1063,119.3283,-8.0801]},"geometry":{"type":"MultiPolygon","coordinates":[[[[116.1075,-8.8725],[116.1505,-8.8629],[116.1658,-8.9055],[116.1907,-8.9113],[116.2069,-8.901],[116.2384,-8.9169],[116.287,-8.8952],[116.3665,-8.925],[116.3757,-8.9556],[116.4049,-8.8996],[116.3858,-8.8663],[116.4105,-8.8423],[116.4722,-8.8274],[116.4358,-8.9198],[116.4986,-8.9094],[116.5103,-8.8831],[116.528,-8.9055],[116.5698,-8.8913],[116.5843,-8.8653],[116.5398,-8.8543],[116.5395,-8.8327],[116.5044,-8.8593],[116.4946,-8.8142],[116.6672,-8.5557],[116.6586,-8.5294],[116.6771,-8.5053],[116.6622,-8.4865],[116.7107,-8.4435],[116.7181,-8.3483],[116.6507,-8.2883],[116.4602,-8.2271],[116.3495,-8.2113],[116.2353,-8.2673],[116.1787,-8.3395],[116.0987,-8.3627],[116.1,-8.3934],[116.0535,-8.4093],[116.0327,-8.4459],[116.0673,-8.5312],[116.0721,-8.6683],[116.0567,-8.7245],[116.0783,-8.7291],[116.051,-8.7622],[116.0295,-8.7394],[116.0084,-8.751],[115.9729,-8.7328],[115.914,-8.7753],[115.8669,-8.7462],[115.869,-8.7296],[115.8399,-8.7274],[115.8235,-8.7631],[115.8447,-8.8211],[115.9452,-8.8412],[116.0043,-8.903],[116.027,-8.8876],[116.0119,-8.8643],[116.0445,-8.8603],[116.0498,-8.8853],[116.1075,-8.8725]]],[[[117.0473,-8.3851],[116.9825,-8.414],[116.9788,-8.4325],[117.0238,-8.4183],[117.0473,-8.3851]]],[[[117.9797,-8.6171],[117.9621,-8.6607],[117.9951,-8.6622],[117.978,-8.6866],[117.9935,-8.691],[118.0078,-8.669],[117.9797,-8.6171]]],[[[116.9485,-9.0571],[117.0088,-9.1063],[117.0571,-9.1042],[117.135,-9.084],[117.1764,-9.024],[117.3905,-9.0524],[117.5941,-8.9814],[117.6765,-8.9246],[117.7338,-8.9161],[117.7749,-8.9317],[117.8171,-8.899],[117.8363,-8.9297],[117.8857,-8.9434],[117.9352,-8.8991],[117.9825,-8.8934],[118.0126,-8.8528],[118.0703,-8.8412],[118.127,-8.8779],[118.2078,-8.8347],[118.3538,-8.6845],[118.406,-8.6723],[118.3806,-8.6258],[118.397,-8.6192],[118.4202,-8.6234],[118.4331,-8.6737],[118.4183,-8.6923],[118.4285,-8.7214],[118.3758,-8.7728],[118.3801,-8.83],[118.4123,-8.868],[118.4855,-8.8854],[118.6377,-8.8139],[118.7497,-8.7955],[118.82,-8.8378],[118.904,-8.8432],[118.9571,-8.8175],[118.9095,-8.7654],[118.7604,-8.7682],[118.712,-8.7411],[118.7654,-8.6942],[118.85,-8.7284],[118.9079,-8.6801],[118.9656,-8.7435],[119.036,-8.733],[119.1005,-8.7508],[119.1055,-8.7262],[119.1278,-8.7517],[119.1619,-8.7264],[119.1511,-8.7067],[119.1725,-8.6938],[119.1558,-8.6389],[119.1783,-8.6308],[119.1845,-8.5883],[119.1681,-8.5623],[119.1467,-8.5695],[119.146,-8.5895],[119.1082,-8.6037],[119.1277,-8.622],[119.0779,-8.6513],[119.0358,-8.6418],[119.0134,-8.5388],[119.052,-8.5139],[119.0496,-8.465],[118.9953,-8.3831],[119.0042,-8.314],[118.8896,-8.2845],[118.8002,-8.2872],[118.729,-8.3431],[118.7013,-8.3907],[118.6981,-8.4113],[118.7216,-8.4307],[118.714,-8.4948],[118.6611,-8.5315],[118.6956,-8.3783],[118.6458,-8.2895],[118.4939,-8.2432],[118.4615,-8.2488],[118.3334,-8.3664],[118.2799,-8.3647],[118.2769,-8.3419],[118.2568,-8.35],[118.2335,-8.3323],[118.218,-8.2851],[118.1625,-8.2417],[118.1467,-8.1409],[118.0807,-8.1003],[117.9521,-8.103],[117.9238,-8.0801],[117.8292,-8.1293],[117.7869,-8.1238],[117.7243,-8.1504],[117.6917,-8.2383],[117.7628,-8.2891],[117.8302,-8.3726],[117.9859,-8.4657],[118.0821,-8.4507],[118.1056,-8.4954],[118.1261,-8.4851],[118.1801,-8.5325],[118.1872,-8.5632],[118.2271,-8.551],[118.2504,-8.5867],[118.2735,-8.5873],[118.2881,-8.6235],[118.2741,-8.6527],[118.2043,-8.6728],[118.1413,-8.6479],[118.0884,-8.6522],[118.038,-8.6724],[117.9744,-8.7395],[117.9188,-8.7199],[117.902,-8.7367],[117.8885,-8.7235],[117.9001,-8.7035],[117.8713,-8.6965],[117.8039,-8.7268],[117.7728,-8.7117],[117.7502,-8.6492],[117.7563,-8.5914],[117.727,-8.5875],[117.7372,-8.5637],[117.6956,-8.5747],[117.6292,-8.5521],[117.6251,-8.4446],[117.5767,-8.4339],[117.5808,-8.4821],[117.5655,-8.4854],[117.567,-8.4093],[117.4483,-8.4109],[117.3931,-8.4723],[117.2384,-8.4009],[117.2019,-8.4063],[117.1551,-8.3643],[117.1055,-8.3728],[117.0912,-8.414],[117.0148,-8.4665],[117.0035,-8.5057],[116.9627,-8.4934],[116.9447,-8.517],[116.8428,-8.5386],[116.8239,-8.5732],[116.7885,-8.5896],[116.7589,-8.6745],[116.7731,-8.6738],[116.7809,-8.7284],[116.7655,-8.7359],[116.8092,-8.7849],[116.8125,-8.8194],[116.735,-8.8664],[116.725,-8.9102],[116.7499,-8.9268],[116.7266,-8.9581],[116.7392,-8.9969],[116.7888,-9.0359],[116.8981,-9.0649],[116.9485,-9.0571]]],[[[117.778,-8.5547],[117.7394,-8.5283],[117.7222,-8.4742],[117.7014,-8.495],[117.7137,-8.5349],[117.7468,-8.5693],[117.778,-8.5547]]],[[[117.6613,-8.4494],[117.6365,-8.5093],[117.6521,-8.5233],[117.6728,-8.5089],[117.6613,-8.4494]]],[[[117.6854,-8.1866],[117.6651,-8.1509],[117.5591,-8.144],[117.4822,-8.1861],[117.4789,-8.2574],[117.507,-8.268],[117.4707,-8.3569],[117.5282,-8.3895],[117.6099,-8.2386],[117.6854,-8.1866]]],[[[119.0711,-8.1311],[119.0125,-8.1539],[119.0009,-8.1774],[119.0003,-8.2297],[119.0506,-8.2618],[119.115,-8.224],[119.1237,-8.189],[119.1128,-8.1565],[119.0711,-8.1311]]],[[[119.2768,-8.4024],[119.2678,-8.4447],[119.2899,-8.4627],[119.3283,-8.4212],[119.2768,-8.4024]]]]}},{"type":"Feature","properties":{"code":"53","name":"Nusa Tenggara Timur","bbox":[118.9369,-11.0072,125.1928,-8.0635]},"geometry":{"type":"MultiPolygon","coordinates":[[[[119.4633,-8.4348],[119.425,-8.4423],[119.4459,-8.484],[119.4187,-8.5001],[119.4364,-8.5269],[119.3893,-8.5723],[119.3841,-8.6243],[119.4098,-8.6469],[119.3782,-8.7183],[119.4372,-8.7496],[119.4529,-8.7459],[119.4373,-8.6677],[119.4695,-8.6085],[119.5119,-8.569],[119.5358,-8.6028],[119.5596,-8.5867],[119.5496,-8.536],[119.5716,-8.5057],[119.5713,-8.4898],[119.4703,-8.4798],[119.4633,-8.4348]]],[[[119.603,-8.6324],[119.5695,-8.6554],[119.6021,-8.6598],[119.603,-8.6324]]],[[[119.6562,-8.7867],[119.632,-8.8008],[119.6643,-8.8148],[119.6562,-8.7867]]],[[[119.6426,-8.6103],[119.6144,-8.6095],[119.6598,-8.7045],[119.6175,-8.7077],[119.623,-8.7332],[119.6044,-8.7541],[119.6221,-8.7957],[119.6602,-8.7735],[119.6955,-8.8093],[119.725,-8.7746],[119.7223,-8.7396],[119.6902,-8.7233],[119.7175,-8.6816],[119.7438,-8.6973],[119.7677,-8.6592],[119.7962,-8.6583],[119.7937,-8.6146],[119.7182,-8.6217],[119.7082,-8.6698],[119.6723,-8.6863],[119.6622,-8.6127],[119.6426,-8.6103]]],[[[119.7941,-8.7965],[119.7707,-8.8111],[119.7946,-8.824],[119.7941,-8.7965]]],[[[119.8705,-8.3835],[119.8394,-8.3894],[119.866,-8.4014],[119.8705,-8.3835]]],[[[119.3312,-9.7626],[119.3845,-9.7958],[119.4577,-9.7416],[119.5241,-9.7657],[119.5833,-9.7619],[119.6422,-9.7924],[119.6711,-9.7809],[119.7077,-9.8629],[119.7819,-9.9193],[119.8491,-9.9205],[119.8827,-9.9583],[119.9539,-9.9797],[119.9528,-10.0039],[120.0185,-10.0792],[120.0141,-10.1232],[120.0377,-10.1207],[120.1675,-10.2374],[120.2978,-10.2574],[120.3468,-10.2483],[120.4541,-10.3134],[120.4869,-10.262],[120.5319,-10.24],[120.605,-10.2537],[120.6714,-10.2296],[120.8385,-10.097],[120.8459,-10.0288],[120.8159,-9.9772],[120.747,-9.9241],[120.6792,-9.9002],[120.5966,-9.731],[120.5413,-9.6871],[120.4985,-9.6778],[120.4597,-9.6159],[120.3225,-9.6704],[120.2989,-9.6419],[120.2452,-9.6337],[120.2104,-9.4905],[120.1818,-9.4679],[120.1239,-9.4852],[120.0779,-9.4641],[119.9352,-9.2762],[119.8064,-9.3943],[119.6864,-9.3824],[119.6314,-9.3456],[119.546,-9.3747],[119.4765,-9.3587],[119.3943,-9.3826],[119.3016,-9.3575],[119.2251,-9.3894],[119.1536,-9.3839],[119.1013,-9.4215],[119.0436,-9.4268],[118.9409,-9.5157],[118.9369,-9.5674],[119.0604,-9.6987],[119.1639,-9.7421],[119.3013,-9.7444],[119.3312,-9.7626]]],[[[121.5827,-10.6368],[121.6321,-10.6139],[121.63,-10.5978],[121.5668,-10.5981],[121.5198,-10.6334],[121.5827,-10.6368]]],[[[120.3051,-8.8854],[120.2869,-8.8685],[120.2566,-8.9023],[120.2727,-8.9155],[120.3051,-8.8854]]],[[[121.5291,-8.8986],[121.5333,-8.8642],[121.5072,-8.8931],[121.5291,-8.8986]]],[[[120.0092,-8.8175],[120.1437,-8.7864],[120.2319,-8.8437],[120.3147,-8.8552],[120.3695,-8.8176],[120.5986,-8.816],[120.6559,-8.8701],[120.7543,-8.8927],[120.784,-8.8733],[120.7905,-8.8395],[120.8375,-8.8292],[120.9145,-8.9211],[121.0302,-8.9564],[121.1698,-8.8879],[121.3425,-8.905],[121.3688,-8.8785],[121.3886,-8.7886],[121.5918,-8.8048],[121.6389,-8.8372],[121.625,-8.893],[121.6391,-8.9052],[121.6825,-8.846],[121.7742,-8.8827],[121.8827,-8.8283],[121.9241,-8.8314],[122.0314,-8.7941],[122.1158,-8.7292],[122.1823,-8.733],[122.1945,-8.7492],[122.377,-8.7521],[122.5134,-8.7152],[122.5558,-8.6676],[122.6774,-8.6221],[122.7276,-8.6327],[122.7325,-8.6105],[122.8194,-8.5965],[122.8446,-8.5622],[122.8366,-8.5268],[122.7902,-8.4841],[122.784,-8.4309],[122.8898,-8.4465],[122.8784,-8.3844],[122.9144,-8.3281],[122.9827,-8.3473],[123.0206,-8.3154],[123.0176,-8.2806],[122.9623,-8.195],[122.973,-8.1355],[122.8658,-8.0635],[122.7807,-8.112],[122.7853,-8.1491],[122.7313,-8.2166],[122.7878,-8.2355],[122.7995,-8.2083],[122.8661,-8.1762],[122.9012,-8.1793],[122.922,-8.1952],[122.8931,-8.2775],[122.8117,-8.2978],[122.7657,-8.3633],[122.6033,-8.3924],[122.5469,-8.4657],[122.4912,-8.4734],[122.4792,-8.4938],[122.5173,-8.5483],[122.4786,-8.6042],[122.3302,-8.6187],[122.2961,-8.6423],[122.2212,-8.6203],[122.1589,-8.5544],[122.105,-8.5309],[122.0097,-8.5208],[122.0178,-8.4743],[122.0016,-8.4503],[121.9134,-8.4956],[121.8436,-8.482],[121.8003,-8.5106],[121.7247,-8.4956],[121.6772,-8.5117],[121.618,-8.4726],[121.6015,-8.5411],[121.5768,-8.5381],[121.5752,-8.5763],[121.5537,-8.5762],[121.5166,-8.6158],[121.467,-8.563],[121.418,-8.5918],[121.344,-8.5478],[121.3076,-8.4799],[121.0942,-8.4184],[121.0222,-8.4151],[120.9897,-8.3923],[120.9774,-8.3469],[120.8545,-8.3576],[120.7628,-8.3367],[120.736,-8.3495],[120.6018,-8.2555],[120.592,-8.2966],[120.5617,-8.3012],[120.5321,-8.2777],[120.4654,-8.2952],[120.4282,-8.241],[120.4073,-8.2812],[120.3608,-8.2955],[120.2606,-8.283],[120.2012,-8.3054],[120.151,-8.38],[120.1202,-8.359],[120.1133,-8.4384],[120.0863,-8.4386],[120.0846,-8.3869],[120.0501,-8.4054],[120.0222,-8.3822],[119.9979,-8.4172],[120.0125,-8.4472],[119.9919,-8.4602],[119.9636,-8.4314],[119.9159,-8.4666],[119.8767,-8.4584],[119.8717,-8.5198],[119.8041,-8.5734],[119.8013,-8.7634],[119.8368,-8.8014],[119.8829,-8.8092],[119.8892,-8.8584],[119.9192,-8.8659],[119.9165,-8.8461],[119.945,-8.8205],[120.0092,-8.8175]]],[[[122.8809,-10.9767],[122.8452,-10.9695],[122.8724,-11.0072],[122.8809,-10.9767]]],[[[122.96,-10.9166],[122.9353,-10.9158],[122.933,-10.9362],[122.9551,-10.9381],[122.96,-10.9166]]],[[[122.6833,-10.8325],[122.6662,-10.7985],[122.6399,-10.8059],[122.6833,-10.8325]]],[[[121.7552,-10.6131],[121.8749,-10.6183],[121.9572,-10.5514],[121.9862,-10.5509],[122.0002,-10.4437],[121.9105,-10.4188],[121.852,-10.4417],[121.8191,-10.5066],[121.6854,-10.5751],[121.7552,-10.6131]]],[[[122.4048,-8.4832],[122.4133,-8.4583],[122.3891,-8.4349],[122.3338,-8.4362],[122.348,-8.4819],[122.389,-8.4978],[122.4048,-8.4832]]],[[[121.7447,-8.333],[121.7295,-8.2982],[121.7071,-8.293],[121.6757,-8.3373],[121.7256,-8.3546],[121.7447,-8.333]]],[[[122.8328,-10.9302],[122.8559,-10.9398],[122.8607,-10.9198],[122.8978,-10.9109],[122.9115,-10.9249],[122.9687,-10.8702],[123.0893,-10.8567],[123.1263,-10.8178],[123.1892,-10.8369],[123.223,-10.8267],[123.2526,-10.7345],[123.3576,-10.6844],[123.4012,-10.6868],[123.4259,-10.6251],[123.3894,-10.5969],[123.3511,-10.5968],[123.3835,-10.5685],[123.3585,-10.5513],[123.3913,-10.5212],[123.4049,-10.4551],[123.3741,-10.4314],[123.3696,-10.478],[123.2634,-10.5213],[123.2132,-10.5797],[123.2532,-10.6032],[123.2759,-10.5792],[123.3123,-10.5759],[123.3103,-10.5931],[123.2741,-10.6047],[123.203,-10.5913],[123.1781,-10.6368],[123.1293,-10.6435],[123.0423,-10.7296],[122.9317,-10.7382],[122.81,-10.782],[122.8328,-10.9302]]],[[[122.9444,-8.583],[122.984,-8.5061],[123.0219,-8.4765],[123.077,-8.4892],[123.1486,-8.4612],[123.1635,-8.431],[123.0223,-8.4486],[122.9762,-8.436],[122.9452,-8.493],[122.8817,-8.5307],[122.8703,-8.5844],[122.9085,-8.6114],[122.9444,-8.583]]],[[[122.9989,-8.4064],[123.2946,-8.3882],[123.3051,-8.2963],[123.3338,-8.2643],[123.2451,-8.2278],[123.1428,-8.2385],[123.0288,-8.3117],[122.9989,-8.4064]]],[[[123.4299,-10.4916],[123.408,-10.4942],[123.3805,-10.5465],[123.4124,-10.5313],[123.4299,-10.4916]]],[[[123.352,-10.3064],[123.4028,-10.3391],[123.4185,-10.2602],[123.3913,-10.2225],[123.3971,-10.2039],[123.4318,-10.2286],[123.5025,-10.1827],[123.5004,-10.1576],[123.4689,-10.1618],[123.4514,-10.1142],[123.3957,-10.1351],[123.3719,-10.1969],[123.3009,-10.2712],[123.3282,-10.3386],[123.352,-10.3064]]],[[[123.5155,-10.3402],[123.5692,-10.3332],[123.6067,-10.3678],[123.6612,-10.3496],[123.7039,-10.3663],[123.7891,-10.3559],[123.9646,-10.2761],[124.0166,-10.274],[124.1393,-10.1614],[124.3957,-10.1697],[124.4777,-10.1216],[124.553,-10.007],[124.5836,-10.003],[124.6696,-9.9192],[124.7507,-9.8816],[124.847,-9.7383],[124.89,-9.6993],[124.9475,-9.6812],[124.9832,-9.6349],[125.0089,-9.5298],[125.0862,-9.463],[125.0793,-9.3902],[124.985,-9.2513],[124.9827,-9.1914],[125.0139,-9.1695],[125.0749,-9.1757],[125.097,-9.2018],[125.1335,-9.1751],[125.1749,-9.1735],[125.1928,-9.1539],[125.1762,-9.1415],[125.1809,-9.0213],[125.1167,-8.9696],[125.0661,-9.0283],[124.9837,-9.0662],[124.9437,-9.049],[124.9341,-8.9951],[124.9518,-8.9673],[124.9268,-8.9664],[124.8511,-9.0068],[124.8164,-9.0024],[124.7298,-9.0588],[124.6974,-9.0536],[124.668,-9.1205],[124.6159,-9.1534],[124.5253,-9.1844],[124.478,-9.1757],[124.4545,-9.2658],[124.4627,-9.2991],[124.3787,-9.3611],[124.3804,-9.3967],[124.3487,-9.4359],[124.363,-9.4487],[124.3548,-9.4852],[124.2945,-9.4926],[124.2716,-9.4124],[124.2168,-9.3656],[124.1547,-9.4225],[124.0985,-9.4091],[124.0702,-9.3697],[124.0782,-9.3274],[123.9952,-9.3421],[123.8702,-9.4756],[123.795,-9.4909],[123.7882,-9.5411],[123.7361,-9.5657],[123.6741,-9.6285],[123.682,-9.7404],[123.6435,-9.7715],[123.6702,-9.8278],[123.6643,-9.8645],[123.6335,-9.898],[123.601,-9.8982],[123.5785,-9.9433],[123.5863,-10.0346],[123.6078,-10.0453],[123.6217,-10.0198],[123.692,-10.0111],[123.7711,-10.0434],[123.7414,-10.0986],[123.6504,-10.1453],[123.5351,-10.1738],[123.5267,-10.2166],[123.4888,-10.2241],[123.5003,-10.2739],[123.4555,-10.3492],[123.4651,-10.3603],[123.5155,-10.3402]]],[[[123.8364,-8.3782],[123.8074,-8.3732],[123.8134,-8.4076],[123.8368,-8.4096],[123.8364,-8.3782]]],[[[123.2895,-8.5484],[123.3136,-8.5275],[123.3866,-8.5839],[123.4252,-8.5761],[123.4484,-8.5355],[123.4909,-8.5153],[123.5295,-8.5699],[123.5588,-8.5622],[123.5841,-8.542],[123.5849,-8.5127],[123.5534,-8.4711],[123.6186,-8.4073],[123.6521,-8.4057],[123.6705,-8.4296],[123.756,-8.2967],[123.9235,-8.2439],[123.9017,-8.2152],[123.8538,-8.2155],[123.792,-8.1721],[123.701,-8.217],[123.686,-8.2589],[123.6553,-8.2493],[123.6564,-8.222],[123.6068,-8.2215],[123.6353,-8.2908],[123.6044,-8.3024],[123.6016,-8.2872],[123.5747,-8.288],[123.5897,-8.3481],[123.5671,-8.3653],[123.5004,-8.3514],[123.5579,-8.241],[123.4807,-8.2474],[123.4579,-8.2713],[123.3889,-8.2596],[123.3655,-8.2798],[123.3725,-8.2987],[123.4323,-8.2988],[123.4643,-8.3467],[123.3323,-8.4036],[123.3015,-8.4526],[123.2123,-8.5106],[123.2212,-8.5543],[123.2424,-8.5388],[123.2895,-8.5484]]],[[[123.9487,-8.3598],[123.8998,-8.3705],[123.93,-8.3825],[123.9487,-8.3598]]],[[[124.102,-8.5443],[124.1464,-8.5341],[124.1954,-8.4832],[124.2091,-8.4163],[124.2492,-8.3588],[124.3016,-8.3301],[124.3228,-8.1844],[124.278,-8.1757],[124.2515,-8.1918],[124.1985,-8.2772],[124.0914,-8.3743],[124.0845,-8.3128],[124.0587,-8.293],[123.9637,-8.3498],[123.9361,-8.4225],[123.914,-8.4366],[123.9468,-8.4587],[123.9882,-8.4189],[124.0336,-8.4205],[124.0544,-8.4544],[124.0647,-8.5506],[124.102,-8.5443]]],[[[124.3734,-8.3065],[124.3553,-8.2751],[124.3149,-8.2984],[124.3292,-8.3238],[124.3584,-8.3263],[124.3734,-8.3065]]],[[[124.4705,-8.4344],[124.4949,-8.4183],[124.5412,-8.442],[124.6567,-8.3909],[124.7872,-8.4015],[124.8807,-8.3661],[125.1235,-8.3382],[125.1377,-8.3176],[125.1342,-8.2186],[125.0852,-8.1457],[124.859,-8.1673],[124.7829,-8.1477],[124.6923,-8.1575],[124.6089,-8.1974],[124.5909,-8.1846],[124.5981,-8.1232],[124.4721,-8.1322],[124.4023,-8.2153],[124.4074,-8.2709],[124.5332,-8.2181],[124.5416,-8.2378],[124.4076,-8.2968],[124.3375,-8.4203],[124.4407,-8.4524],[124.4705,-8.4344]]]]}},{"type":"Feature","properties":{"code":"91","name":"Papua","bbox":[134.7944,-4.1142,141.0013,-0.6205]},"geometry":{"type":"MultiPolygon","coordinates":[[[[134.8917,-1.1398],[134.9506,-1.1279],[134.9822,-1.0703],[134.9805,-1.015],[134.9581,-1.02],[134.9623,-1.047],[134.9265,-1.075],[134.9413,-0.9663],[134.8825,-0.9345],[134.8411,-0.934],[134.7952,-0.9839],[134.7944,-1.0322],[134.8353,-1.1029],[134.8917,-1.1398]]],[[[135.2839,-1.5199],[135.3211,-1.5091],[135.2982,-1.4806],[135.2596,-1.4838],[135.2532,-1.5216],[135.2365,-1.4828],[135.1535,-1.4897],[135.1199,-1.4656],[135.1142,-1.5],[135.1531,-1.5194],[135.2839,-1.5199]]],[[[135.5413,-0.8619],[135.5423,-0.8381],[135.5154,-0.8234],[135.5172,-0.8552],[135.5413,-0.8619]]],[[[135.496,-0.8204],[135.519,-0.823],[135.5235,-0.8067],[135.502,-0.7895],[135.496,-0.8204]]],[[[135.8164,-1.7876],[135.7943,-1.8096],[135.8142,-1.8137],[135.8164,-1.7876]]],[[[135.4715,-0.7397],[135.4882,-0.7705],[135.5307,-0.7828],[135.6425,-0.8869],[135.7447,-0.743],[135.7278,-0.7123],[135.6887,-0.7222],[135.6596,-0.6702],[135.6194,-0.6695],[135.6016,-0.6929],[135.5895,-0.6632],[135.4815,-0.6617],[135.4466,-0.6412],[135.4105,-0.65],[135.3919,-0.6205],[135.3634,-0.6302],[135.3888,-0.7089],[135.4889,-0.8047],[135.4715,-0.7397]]],[[[136.367,-1.9436],[136.3297,-1.9039],[136.3425,-1.9518],[136.367,-1.9436]]],[[[135.4984,-1.6797],[135.5194,-1.6621],[135.5279,-1.6799],[135.549,-1.6651],[135.6172,-1.6961],[135.6504,-1.6843],[135.6741,-1.7062],[135.7095,-1.6898],[135.824,-1.749],[135.9125,-1.7556],[135.9874,-1.8198],[136.2056,-1.8692],[136.2521,-1.8962],[136.314,-1.8635],[136.5381,-1.8922],[136.5377,-1.869],[136.6354,-1.8714],[136.6778,-1.84],[136.7039,-1.8446],[136.7025,-1.8242],[136.7273,-1.816],[136.8395,-1.824],[136.8986,-1.7867],[136.7941,-1.7417],[136.4471,-1.7043],[136.4042,-1.7204],[136.2019,-1.6484],[136.0507,-1.6594],[135.9143,-1.6352],[135.8793,-1.6388],[135.8689,-1.6614],[135.7666,-1.6263],[135.4531,-1.6],[135.437,-1.6122],[135.4486,-1.6424],[135.4615,-1.6334],[135.475,-1.68],[135.4984,-1.6797]]],[[[136.2033,-1.2576],[136.2187,-1.229],[136.1982,-1.2348],[136.2033,-1.2576]]],[[[135.7732,-0.8758],[135.7875,-0.9653],[135.8264,-1.0336],[135.8193,-1.0882],[135.8021,-1.0984],[135.8578,-1.1666],[135.9058,-1.178],[135.944,-1.1461],[135.9998,-1.1423],[136.1346,-1.1997],[136.3147,-1.1404],[136.3854,-1.0825],[136.3595,-1.0637],[136.3319,-1.0759],[136.2544,-1.0178],[136.1897,-1.0449],[136.1605,-1.0341],[136.1586,-1.0073],[136.1036,-0.9663],[136.0915,-0.9175],[136.0462,-0.8838],[136.0513,-0.8586],[135.9244,-0.7902],[135.8673,-0.7086],[135.8114,-0.6853],[135.733,-0.7527],[135.7206,-0.7971],[135.7732,-0.8758]]],[[[138.5452,-3.3115],[138.5452,-3.2755],[138.5099,-3.2639],[138.4996,-3.2999],[138.5138,-3.3185],[138.5452,-3.3115]]],[[[136.0114,-2.7059],[136.0471,-2.7191],[136.0498,-2.771],[136.1393,-2.7722],[136.1537,-2.7941],[136.2045,-2.8006],[136.29,-2.8876],[136.3085,-2.9355],[136.2977,-2.9731],[136.3392,-3.0284],[136.4055,-3.0147],[136.4632,-3.0623],[136.5715,-3.046],[136.5587,-3.1126],[136.5207,-3.1593],[136.5327,-3.2258],[136.5673,-3.254],[136.6656,-3.2251],[136.6458,-3.1604],[136.6679,-3.1373],[136.7652,-3.1927],[136.7374,-3.2382],[136.7455,-3.2666],[136.7702,-3.2514],[136.8506,-3.2545],[136.8984,-3.4062],[136.9602,-3.3905],[136.9611,-3.3329],[136.9244,-3.3291],[136.8881,-3.2593],[136.914,-3.2164],[136.9032,-3.1581],[136.9867,-3.1758],[137.0407,-3.2113],[136.9507,-3.2836],[137.0034,-3.3174],[137.0625,-3.2332],[137.0625,-3.1832],[137.1105,-3.1335],[137.2909,-3.1127],[137.3632,-3.0689],[137.3767,-3.0938],[137.4447,-3.1073],[137.5497,-3.071],[137.5523,-3.0512],[137.5812,-3.0662],[137.6238,-3.0403],[137.6259,-3.0623],[137.7041,-3.0383],[137.7227,-3.0651],[137.7583,-3.0562],[137.7869,-3.0834],[137.8339,-3.0707],[137.8425,-3.05],[137.8737,-3.0809],[137.886,-3.0386],[137.908,-3.0441],[137.9002,-3.014],[137.9281,-3.0259],[137.948,-3.0028],[137.9669,-3.0141],[137.9613,-3.0321],[138.0059,-3.0255],[138.0458,-2.9848],[138.0637,-2.9966],[138.0593,-3.0222],[138.0135,-3.0577],[138.024,-3.084],[137.9998,-3.1106],[138.007,-3.1848],[138.0194,-3.2172],[138.0792,-3.241],[138.0852,-3.0299],[138.1268,-3.0278],[138.1498,-3.0005],[138.1326,-2.9923],[138.1654,-2.9726],[138.2027,-3.0388],[138.2446,-3.0489],[138.2473,-3.0259],[138.285,-3.0169],[138.3273,-2.9572],[138.3574,-2.9432],[138.3956,-2.9715],[138.41,-2.9291],[138.4406,-2.9243],[138.4754,-2.9467],[138.5243,-2.9374],[138.5944,-2.9613],[138.5837,-2.9832],[138.6148,-3.0575],[138.5853,-3.0934],[138.5963,-3.1329],[138.5777,-3.1277],[138.5729,-3.1461],[138.6037,-3.169],[138.5841,-3.2231],[138.6624,-3.3099],[138.7026,-3.3274],[138.7131,-3.2959],[138.6778,-3.1995],[138.7164,-3.2151],[138.7457,-3.1776],[138.8178,-3.168],[138.8062,-3.2238],[138.8815,-3.2278],[138.9095,-3.2557],[138.9186,-3.2784],[138.8756,-3.3402],[138.8881,-3.3575],[138.8724,-3.4229],[138.9994,-3.3011],[139.0655,-3.2764],[139.0863,-3.2818],[139.095,-3.307],[139.0688,-3.2979],[139.0729,-3.3238],[139.1068,-3.3448],[139.1071,-3.3762],[139.1302,-3.3544],[139.1474,-3.3732],[139.1404,-3.4258],[139.1808,-3.4268],[139.2067,-3.449],[139.2481,-3.4387],[139.3109,-3.472],[139.3248,-3.4459],[139.3311,-3.475],[139.3557,-3.4832],[139.3759,-3.4718],[139.3735,-3.4359],[139.4734,-3.4595],[139.4711,-3.5201],[139.498,-3.5067],[139.5055,-3.5225],[139.5184,-3.658],[139.5957,-3.7226],[139.6232,-3.706],[139.626,-3.6642],[139.6628,-3.6643],[139.6996,-3.6316],[139.6907,-3.5496],[139.7102,-3.527],[139.7438,-3.5453],[139.7561,-3.5105],[139.7778,-3.5154],[139.7837,-3.57],[139.8684,-3.59],[139.8896,-3.622],[139.9645,-3.6116],[139.9583,-3.6314],[140.0014,-3.7011],[140.0647,-3.6491],[140.0913,-3.6838],[140.1763,-3.7082],[140.2055,-3.6777],[140.2703,-3.67],[140.2853,-3.7179],[140.3212,-3.7436],[140.3986,-3.7344],[140.5267,-3.7781],[140.5448,-3.7511],[140.5851,-3.7546],[140.648,-3.798],[140.6879,-3.7934],[140.7022,-3.8862],[140.767,-3.8737],[140.7834,-3.8536],[140.8253,-3.8685],[140.8345,-3.9325],[140.7769,-3.9604],[140.7777,-3.9395],[140.7157,-3.9172],[140.6341,-3.9771],[140.5711,-3.9329],[140.5643,-3.9605],[140.542,-3.9666],[140.4985,-3.9408],[140.4973,-3.905],[140.5424,-3.8282],[140.4128,-3.7821],[140.4145,-3.8427],[140.4311,-3.8569],[140.4123,-3.8839],[140.4394,-3.9185],[140.4273,-3.9312],[140.465,-3.9618],[140.5084,-4.0504],[140.5863,-4.1142],[140.6146,-4.0595],[140.6401,-4.0647],[140.6667,-4.0375],[140.694,-4.0472],[140.6608,-3.9854],[140.6921,-3.984],[140.7181,-4.0202],[140.8319,-3.9967],[140.8927,-3.9614],[140.9766,-3.9675],[141.0012,-4.0196],[141.0013,-2.6044],[140.9224,-2.6216],[140.7914,-2.5961],[140.7754,-2.6283],[140.7064,-2.6287],[140.6897,-2.5949],[140.7389,-2.5148],[140.6937,-2.4782],[140.6349,-2.4687],[140.6084,-2.4405],[140.5973,-2.4553],[140.5125,-2.4298],[140.4997,-2.444],[140.3908,-2.4016],[140.3548,-2.4025],[140.374,-2.4316],[140.348,-2.4624],[140.2493,-2.3993],[140.2069,-2.4064],[140.1111,-2.3194],[140.0508,-2.3599],[139.8106,-2.3785],[139.765,-2.3622],[139.0005,-1.9761],[138.9059,-1.9555],[138.8754,-1.9699],[138.8027,-1.9315],[138.6827,-1.8037],[138.3466,-1.7114],[138.1733,-1.63],[138.0664,-1.6007],[137.9964,-1.5388],[137.9492,-1.5345],[137.9339,-1.4579],[137.9001,-1.4751],[137.7483,-1.4785],[137.741,-1.4963],[137.6775,-1.5082],[137.4782,-1.5991],[137.2365,-1.7508],[137.1241,-1.7763],[137.0943,-1.8064],[137.0885,-1.8514],[137.2175,-1.9832],[137.1903,-2],[137.2284,-2.0566],[137.1594,-2.0958],[137.0446,-2.1054],[137.0051,-2.1312],[136.9386,-2.1286],[136.9082,-2.1796],[136.8168,-2.1897],[136.8136,-2.2158],[136.7495,-2.2524],[136.7128,-2.2291],[136.6713,-2.261],[136.6057,-2.2531],[136.518,-2.1918],[136.3915,-2.2211],[136.3337,-2.2818],[136.3375,-2.364],[136.2958,-2.4108],[136.2799,-2.5119],[136.2245,-2.6114],[136.1081,-2.6688],[136.056,-2.6686],[136.0114,-2.7059]]],[[[137.0916,-1.8577],[137.0878,-1.8889],[137.1115,-1.8758],[137.0916,-1.8577]]],[[[137.0532,-1.8597],[137.0327,-1.8345],[136.9554,-1.8339],[137.0532,-1.8597]]],[[[138.7487,-1.6184],[138.7187,-1.5818],[138.7175,-1.6177],[138.7487,-1.6184]]],[[[136.5882,-1.2231],[136.6123,-1.2234],[136.5983,-1.1896],[136.5772,-1.1963],[136.5882,-1.2231]]]]}},{"type":"Feature","properties":{"code":"92","name":"Papua Barat","bbox":[131.9514,-4.2547,135.194,-0.7151]},"geometry":{"type":"MultiPolygon","coordinates":[[[[132.4701,-2.6248],[132.4521,-2.6444],[132.4608,-2.6676],[132.5057,-2.6551],[132.5079,-2.6374],[132.4701,-2.6248]]],[[[132.4498,-3.0991],[132.4715,-3.1297],[132.513,-3.1347],[132.5042,-3.1142],[132.4498,-3.0991]]],[[[132.7182,-3.4752],[132.6648,-3.4045],[132.6309,-3.4051],[132.6396,-3.4317],[132.6753,-3.4468],[132.6981,-3.5111],[132.7183,-3.5054],[132.7182,-3.4752]]],[[[133.3384,-4.0999],[133.3225,-4.1424],[133.459,-4.2511],[133.5582,-4.2398],[133.5542,-4.2179],[133.4533,-4.1847],[133.3384,-4.0999]]],[[[133.3987,-2.5971],[133.3928,-2.639],[133.4089,-2.6113],[133.3987,-2.5971]]],[[[133.5284,-2.6101],[133.5167,-2.5954],[133.4993,-2.605],[133.5143,-2.6291],[133.5284,-2.6101]]],[[[133.4238,-2.5426],[133.4051,-2.5466],[133.4355,-2.6002],[133.4319,-2.6294],[133.4075,-2.64],[133.3991,-2.6859],[133.4344,-2.675],[133.4379,-2.6406],[133.4536,-2.6381],[133.4519,-2.5568],[133.4238,-2.5426]]],[[[133.4024,-2.5516],[133.3923,-2.5706],[133.4127,-2.614],[133.4331,-2.6022],[133.4024,-2.5516]]],[[[133.549,-2.5521],[133.5324,-2.5477],[133.5194,-2.58],[133.5328,-2.6043],[133.5548,-2.6026],[133.5688,-2.5542],[133.549,-2.5521]]],[[[133.4822,-2.5144],[133.4623,-2.5146],[133.4638,-2.6212],[133.5003,-2.6405],[133.5132,-2.629],[133.4971,-2.6046],[133.5147,-2.5885],[133.4822,-2.5144]]],[[[133.4463,-2.5079],[133.4229,-2.5042],[133.4031,-2.544],[133.4526,-2.5518],[133.4463,-2.5079]]],[[[133.518,-2.4261],[133.4907,-2.4143],[133.4845,-2.4298],[133.5209,-2.4833],[133.5651,-2.5142],[133.5967,-2.5202],[133.6154,-2.5019],[133.6013,-2.4594],[133.518,-2.4261]]],[[[133.3593,-2.4454],[133.3245,-2.424],[133.3148,-2.4403],[133.3697,-2.4956],[133.3593,-2.4454]]],[[[133.6095,-3.4183],[133.5974,-3.4327],[133.6147,-3.4483],[133.6276,-3.4317],[133.6095,-3.4183]]],[[[133.7779,-3.0557],[133.7595,-3.0758],[133.773,-3.0992],[133.7934,-3.0872],[133.7779,-3.0557]]],[[[133.73,-2.5563],[133.7045,-2.5495],[133.6963,-2.6131],[133.7525,-2.6201],[133.7546,-2.657],[133.787,-2.6567],[133.7774,-2.5869],[133.73,-2.5563]]],[[[133.7668,-2.5127],[133.7608,-2.5491],[133.8046,-2.6208],[133.8024,-2.5467],[133.7668,-2.5127]]],[[[133.7197,-2.5012],[133.6942,-2.499],[133.696,-2.5286],[133.74,-2.5611],[133.7349,-2.5054],[133.7197,-2.5012]]],[[[133.6696,-2.498],[133.6528,-2.4894],[133.6382,-2.5076],[133.6701,-2.533],[133.6696,-2.498]]],[[[132.5988,-2.1988],[132.6414,-2.2862],[132.7153,-2.2973],[132.7831,-2.2493],[132.8388,-2.2426],[132.9009,-2.2811],[132.9605,-2.2914],[133.0253,-2.2412],[133.0946,-2.2343],[133.1793,-2.1942],[133.2243,-2.2149],[133.2727,-2.1946],[133.3269,-2.219],[133.4037,-2.2076],[133.4233,-2.2294],[133.5194,-2.2352],[133.5656,-2.2117],[133.6199,-2.2311],[133.6967,-2.1952],[133.7244,-2.1616],[133.7528,-2.1689],[133.8211,-2.1344],[133.8407,-2.0961],[133.8736,-2.1084],[133.9476,-2.0816],[133.9693,-2.1086],[133.9429,-2.1333],[133.9419,-2.2319],[133.9998,-2.241],[133.9879,-2.3028],[133.949,-2.3249],[133.9866,-2.3662],[133.9881,-2.3893],[133.9486,-2.3958],[133.9491,-2.4301],[133.9844,-2.4449],[133.9725,-2.4792],[133.9578,-2.467],[133.8993,-2.4811],[133.8264,-2.4451],[133.7836,-2.4896],[133.808,-2.5436],[133.8049,-2.6466],[133.7683,-2.6637],[133.7515,-2.6562],[133.7543,-2.63],[133.6878,-2.6192],[133.6624,-2.6582],[133.6731,-2.5743],[133.6419,-2.5327],[133.561,-2.5798],[133.5704,-2.5902],[133.5385,-2.6102],[133.5286,-2.6421],[133.4631,-2.6321],[133.4368,-2.6463],[133.4388,-2.6755],[133.4202,-2.6734],[133.4118,-2.6952],[133.3802,-2.6565],[133.3743,-2.5072],[133.2749,-2.4277],[133.2122,-2.4121],[133.0819,-2.4646],[132.8285,-2.7454],[132.7296,-2.8036],[132.591,-2.6949],[132.4866,-2.6808],[132.4659,-2.7119],[132.4188,-2.6826],[132.2324,-2.6543],[132.1432,-2.6642],[132.1158,-2.685],[132.1643,-2.7079],[132.1424,-2.7219],[132.1291,-2.7093],[132.1036,-2.7419],[132.0564,-2.748],[132.0563,-2.7305],[131.9514,-2.7721],[132.0563,-2.7813],[132.0517,-2.8006],[131.9993,-2.8269],[132.0299,-2.8357],[132.0157,-2.8913],[132.0806,-2.9182],[132.0875,-2.9595],[132.2178,-2.9215],[132.2856,-2.9283],[132.3387,-2.9401],[132.3502,-2.965],[132.4701,-3.0307],[132.5622,-3.1098],[132.5814,-3.1612],[132.6459,-3.193],[132.6396,-3.2189],[132.5973,-3.2313],[132.6644,-3.316],[132.7284,-3.3364],[132.7276,-3.281],[132.8083,-3.2606],[132.8013,-3.2817],[132.83,-3.3255],[132.8007,-3.3573],[132.817,-3.4442],[132.8844,-3.4832],[132.9076,-3.5469],[132.9383,-3.5492],[132.9042,-3.5741],[132.8905,-3.6444],[132.751,-3.626],[132.7282,-3.6376],[132.7328,-3.6827],[132.8212,-3.884],[132.838,-3.985],[132.9005,-4.0285],[132.9172,-4.0831],[133.0152,-4.1177],[133.0421,-4.0654],[133.0772,-4.0537],[133.252,-4.0718],[133.269,-4.0348],[133.3138,-4.0152],[133.3999,-3.8864],[133.4568,-3.8592],[133.4505,-3.8201],[133.4146,-3.7995],[133.3937,-3.7351],[133.4088,-3.6908],[133.5836,-3.5685],[133.5975,-3.5292],[133.55,-3.4544],[133.5121,-3.4576],[133.5145,-3.4058],[133.495,-3.375],[133.5198,-3.3804],[133.5372,-3.4265],[133.6324,-3.4161],[133.6645,-3.3397],[133.649,-3.1209],[133.6672,-3.1188],[133.7219,-3.0362],[133.7898,-3.025],[133.8071,-2.9605],[133.8377,-2.9358],[133.8531,-2.9407],[133.875,-3.0474],[133.8601,-3.0542],[133.8329,-3.0205],[133.8271,-3.089],[133.8041,-3.116],[133.7799,-3.1112],[133.7726,-3.1748],[133.7257,-3.1697],[133.6648,-3.2453],[133.6993,-3.4059],[133.6212,-3.477],[133.7073,-3.6032],[133.6908,-3.671],[133.7508,-3.6452],[133.8166,-3.7267],[133.7861,-3.5978],[133.8364,-3.5594],[133.8395,-3.6315],[133.9082,-3.7045],[133.9136,-3.7846],[133.944,-3.8457],[133.9768,-3.8437],[134.0411,-3.7824],[134.069,-3.8209],[134.1178,-3.7916],[134.1049,-3.7528],[134.1387,-3.7454],[134.1913,-3.8331],[134.117,-3.8839],[134.117,-3.9065],[134.1639,-3.8961],[134.1942,-3.9594],[134.2785,-4.007],[134.3026,-4.049],[134.3336,-4.0205],[134.2718,-3.9475],[134.2821,-3.9343],[134.3479,-3.9647],[134.35,-3.8945],[134.4389,-3.919],[134.4734,-3.9846],[134.4485,-3.9834],[134.5062,-4.0437],[134.5696,-3.9987],[134.6032,-3.9998],[134.612,-3.968],[134.6773,-3.9196],[134.7386,-3.9396],[134.7716,-3.9164],[134.8308,-3.9398],[134.9128,-3.9407],[134.9167,-3.9647],[134.9623,-3.948],[134.9465,-3.9829],[134.8462,-3.9856],[134.8016,-3.94],[134.7695,-3.9342],[134.6618,-3.9833],[134.6686,-4.0331],[134.7021,-4.0691],[134.6521,-4.0778],[134.6293,-4.1175],[134.7115,-4.1369],[134.7214,-4.1947],[134.8341,-4.2547],[134.9359,-4.2266],[134.9692,-4.1401],[134.9969,-4.1286],[135.0034,-4.0922],[135.0538,-4.0495],[135.0304,-4.0058],[135.057,-3.9708],[135.0929,-3.9665],[135.0975,-3.929],[135.06,-3.8704],[135.0334,-3.8809],[135.027,-3.8322],[135.0446,-3.8095],[135.0181,-3.7187],[135.051,-3.6888],[135.1233,-3.6918],[135.1806,-3.6283],[135.194,-3.5765],[135.1337,-3.5976],[135.1189,-3.5792],[135.0721,-3.5842],[135.0469,-3.6101],[135.0143,-3.5988],[134.9917,-3.5855],[134.9765,-3.5139],[134.9388,-3.4882],[134.9188,-3.4403],[134.865,-3.4193],[134.8557,-3.3881],[134.8098,-3.3694],[134.7569,-3.3827],[134.7271,-3.3605],[134.727,-3.3167],[134.6839,-3.2611],[134.6677,-3.1729],[134.6088,-3.1277],[134.6306,-3.115],[134.6171,-3.083],[134.6312,-3.0618],[134.5855,-2.8048],[134.6614,-2.7563],[134.6413,-2.5059],[134.5327,-2.4493],[134.477,-2.5229],[134.4622,-2.5933],[134.4974,-2.6601],[134.5241,-2.7918],[134.4959,-2.8587],[134.4591,-2.8631],[134.4483,-2.8086],[134.4058,-2.7676],[134.3325,-2.5823],[134.3369,-2.549],[134.1761,-2.3562],[134.1356,-2.1532],[134.1172,-2.1603],[134.1036,-2.072],[134.1404,-2.0019],[134.1373,-1.942],[134.1013,-1.836],[134.1016,-1.7459],[134.0685,-1.6752],[134.2016,-1.5498],[134.2134,-1.4075],[134.2755,-1.3365],[134.2504,-1.3191],[134.1966,-1.2102],[134.1056,-1.133],[134.071,-1.0714],[134.0704,-1.0318],[134.0117,-0.9635],[134.0218,-0.9309],[134.0431,-0.9282],[134.0494,-0.8727],[134.1346,-0.8702],[133.9913,-0.7598],[133.9713,-0.7199],[133.8806,-0.7151],[133.8173,-0.7485],[133.7962,-0.7262],[133.7432,-0.7216],[133.7319,-0.7478],[133.5709,-0.7215],[133.5692,-0.7379],[133.529,-0.7479],[133.4858,-0.7406],[133.4724,-0.7999],[133.4371,-0.8058],[133.4412,-0.863],[133.469,-0.9011],[133.4307,-1.0944],[133.4324,-1.1781],[133.3726,-1.2226],[133.2522,-1.183],[133.2332,-1.1957],[133.2466,-1.2233],[133.2246,-1.2545],[133.1966,-1.2406],[133.154,-1.251],[133.0715,-1.3169],[133.0445,-1.3136],[133.022,-1.3515],[133,-1.3554],[132.9156,-1.2866],[132.8973,-1.3212],[132.9093,-1.3626],[132.8866,-1.4222],[132.8544,-1.4498],[132.8565,-1.4936],[132.8232,-1.5562],[132.7873,-1.5739],[132.7724,-1.7263],[132.7366,-1.8489],[132.7143,-1.8831],[132.6446,-1.8799],[132.6302,-1.9091],[132.6561,-1.962],[132.6256,-1.9832],[132.6941,-2.0705],[132.6657,-2.1089],[132.6381,-2.0909],[132.6372,-2.1483],[132.5988,-2.1988]]],[[[133.8321,-2.409],[133.7516,-2.4203],[133.7292,-2.4407],[133.7754,-2.4816],[133.823,-2.4431],[133.8634,-2.4701],[133.8696,-2.4553],[133.8321,-2.409]]],[[[133.8335,-2.2276],[133.7704,-2.2329],[133.7723,-2.2704],[133.7934,-2.2787],[133.8335,-2.2276]]],[[[133.8503,-2.2039],[133.7991,-2.2827],[133.8422,-2.2868],[133.8481,-2.2374],[133.865,-2.2288],[133.8503,-2.2039]]],[[[133.7565,-2.2163],[133.7154,-2.2312],[133.7498,-2.2469],[133.7565,-2.2163]]],[[[133.9009,-2.1905],[133.8611,-2.2044],[133.8494,-2.2838],[133.8892,-2.2652],[133.9009,-2.1905]]],[[[133.7381,-2.1799],[133.718,-2.1768],[133.6732,-2.2277],[133.6887,-2.2396],[133.7475,-2.2043],[133.7621,-2.187],[133.7381,-2.1799]]],[[[133.8376,-2.1472],[133.7758,-2.1951],[133.8378,-2.1911],[133.8376,-2.1472]]],[[[133.8518,-2.1007],[133.8361,-2.1308],[133.8658,-2.1407],[133.8518,-2.1007]]],[[[133.8756,-3.7176],[133.8954,-3.8318],[133.9226,-3.8655],[133.8981,-3.7445],[133.8756,-3.7176]]],[[[133.8676,-2.3854],[133.8386,-2.3953],[133.8706,-2.4456],[133.9099,-2.4782],[133.9733,-2.4758],[133.9839,-2.4478],[133.9465,-2.4311],[133.9434,-2.3989],[133.8676,-2.3854]]],[[[133.9367,-2.3276],[133.8414,-2.3623],[133.9846,-2.3902],[133.9865,-2.3675],[133.9367,-2.3276]]],[[[133.905,-2.2696],[133.8734,-2.2784],[133.8784,-2.2966],[133.9134,-2.3015],[133.9247,-2.2756],[133.905,-2.2696]]],[[[133.9986,-2.245],[133.9568,-2.2333],[133.9193,-2.3086],[133.8629,-2.3066],[133.8246,-2.3296],[133.8543,-2.3425],[133.9458,-2.3234],[133.9986,-2.245]]],[[[133.9015,-2.2308],[133.8842,-2.2461],[133.922,-2.2717],[133.9316,-2.2628],[133.9015,-2.2308]]],[[[133.9334,-2.1908],[133.9057,-2.1934],[133.9206,-2.251],[133.9342,-2.2474],[133.9334,-2.1908]]],[[[133.9366,-2.1721],[133.8984,-2.178],[133.934,-2.1881],[133.9366,-2.1721]]],[[[133.9312,-2.134],[133.881,-2.144],[133.8713,-2.1624],[133.8859,-2.1745],[133.9302,-2.1612],[133.9312,-2.134]]],[[[133.9214,-2.1129],[133.8757,-2.1149],[133.8783,-2.1342],[133.9214,-2.1129]]],[[[133.9681,-2.0959],[133.9421,-2.1066],[133.9617,-2.1199],[133.9681,-2.0959]]],[[[133.949,-2.0854],[133.9274,-2.0894],[133.9275,-2.1102],[133.949,-2.0854]]],[[[134.0265,-3.8118],[133.9959,-3.8207],[134.0043,-3.8471],[134.0381,-3.8425],[134.0459,-3.8274],[134.0265,-3.8118]]],[[[134.0988,-3.9159],[134.0525,-3.9213],[134.084,-3.9834],[134.1871,-4.0101],[134.0988,-3.9159]]],[[[134.1764,-1.9157],[134.2157,-1.8297],[134.1963,-1.7954],[134.2209,-1.7925],[134.2396,-1.7469],[134.2032,-1.7413],[134.1475,-1.8298],[134.1434,-1.9106],[134.1633,-1.9463],[134.1764,-1.9157]]],[[[134.2424,-4.0033],[134.232,-4.0323],[134.2627,-4.0407],[134.2424,-4.0033]]],[[[134.3779,-2.5264],[134.3695,-2.5493],[134.3914,-2.5734],[134.3779,-2.5264]]],[[[134.4033,-2.0623],[134.4047,-2.01],[134.3869,-1.9937],[134.3627,-2.0022],[134.3157,-2.0785],[134.3487,-2.1666],[134.4033,-2.0623]]],[[[134.3767,-3.9844],[134.3831,-4.0339],[134.4226,-4.0249],[134.4253,-4.0066],[134.3767,-3.9844]]],[[[134.6862,-3.9369],[134.6924,-3.9638],[134.7184,-3.9393],[134.6862,-3.9369]]],[[[134.5609,-2.4063],[134.5905,-2.395],[134.5755,-2.3147],[134.5516,-2.3326],[134.5697,-2.3437],[134.5626,-2.3683],[134.5114,-2.3641],[134.5069,-2.3907],[134.5649,-2.4411],[134.5782,-2.4204],[134.5609,-2.4063]]]]}},{"type":"Feature","properties":{"code":"92","name":"Papua Barat Daya","bbox":[129.3525,-2.2837,133.4858,0.04]},"geometry":{"type":"MultiPolygon","coordinates":[[[[129.7434,-1.1666],[129.7039,-1.1638],[129.6879,-1.1819],[129.6992,-1.2067],[129.7434,-1.1666]]],[[[129.3628,-1.1626],[129.3525,-1.1866],[129.3734,-1.1864],[129.3628,-1.1626]]],[[[129.7888,-1.2072],[129.8184,-1.2164],[129.8866,-1.1962],[129.8216,-1.2402],[129.8669,-1.2379],[129.91,-1.2054],[129.9313,-1.2155],[129.9777,-1.1705],[129.8665,-1.1443],[129.7338,-1.1914],[129.7452,-1.2203],[129.7888,-1.2072]]],[[[129.8933,-0.3987],[129.8571,-0.415],[129.8458,-0.449],[129.8746,-0.4979],[129.9007,-0.4797],[129.9242,-0.4127],[129.8933,-0.3987]]],[[[129.8298,-1.8293],[129.736,-1.8591],[129.7304,-1.9004],[129.8604,-1.9754],[129.9742,-2.0129],[129.9879,-2.0009],[130.0859,-2.0187],[130.1385,-2.0555],[130.2666,-2.0534],[130.3283,-1.9687],[130.4397,-1.9826],[130.43,-1.9528],[130.3886,-1.9529],[130.3533,-1.9194],[130.3927,-1.8902],[130.4079,-1.8975],[130.4432,-1.8266],[130.4204,-1.7785],[130.3535,-1.7376],[130.3809,-1.6911],[130.3483,-1.6698],[130.2708,-1.6995],[130.2567,-1.7296],[130.1247,-1.7123],[130.0624,-1.7241],[129.8298,-1.8293]]],[[[130.1399,0.0154],[130.1018,0.01],[130.0987,-0.0674],[130.131,-0.0967],[130.1571,-0.0618],[130.1206,-0.0362],[130.1177,-0.0005],[130.1399,0.0154]]],[[[130.261,-1.4642],[130.2271,-1.4689],[130.2231,-1.4895],[130.261,-1.4642]]],[[[130.2291,-0.2972],[130.2286,-0.278],[130.2018,-0.2853],[130.203,-0.309],[130.2306,-0.3208],[130.2291,-0.2972]]],[[[130.2466,-2.1822],[130.2447,-2.2066],[130.2999,-2.1915],[130.2466,-2.1822]]],[[[130.3369,-1.9747],[130.3421,-1.9914],[130.4008,-2.0101],[130.3965,-1.9839],[130.3369,-1.9747]]],[[[130.4711,-2.0632],[130.4144,-2.0721],[130.4711,-2.0632]]],[[[130.5242,-0.7972],[130.5109,-0.8018],[130.5187,-0.824],[130.5435,-0.821],[130.5524,-0.7963],[130.5242,-0.7972]]],[[[130.4977,-0.3002],[130.4859,-0.3203],[130.5211,-0.325],[130.4977,-0.3002]]],[[[130.6136,-0.485],[130.5959,-0.5193],[130.6304,-0.5242],[130.6624,-0.5081],[130.6968,-0.4481],[130.6251,-0.4067],[130.557,-0.4317],[130.5624,-0.4474],[130.5231,-0.468],[130.5047,-0.4387],[130.4687,-0.4725],[130.4824,-0.4866],[130.4684,-0.5198],[130.5457,-0.5118],[130.5654,-0.4662],[130.6136,-0.485]]],[[[130.6911,-0.8907],[130.8491,-0.86],[130.8867,-0.8381],[130.8574,-0.8152],[130.8825,-0.7935],[130.9175,-0.7992],[130.9167,-0.783],[130.8553,-0.7644],[130.8099,-0.8022],[130.718,-0.8301],[130.7137,-0.8102],[130.6748,-0.8032],[130.652,-0.8216],[130.6496,-0.802],[130.6293,-0.802],[130.6136,-0.8175],[130.5665,-0.7938],[130.5509,-0.8366],[130.5317,-0.8391],[130.4864,-0.8268],[130.5014,-0.7991],[130.484,-0.7894],[130.4805,-0.8171],[130.4485,-0.8286],[130.4575,-0.8525],[130.439,-0.8733],[130.4575,-0.8826],[130.4479,-0.8987],[130.5198,-0.8952],[130.5357,-0.9185],[130.6911,-0.8907]]],[[[130.7516,-1.2371],[130.7727,-1.2634],[130.8115,-1.268],[130.8559,-1.3434],[130.9006,-1.3208],[130.963,-1.3585],[130.9911,-1.3371],[130.9999,-1.2825],[131.0442,-1.2408],[131.0334,-1.1979],[131.0813,-1.0331],[131.0642,-0.9938],[131.0795,-0.9672],[131.0315,-0.9126],[130.94,-0.9411],[130.921,-0.8889],[130.6464,-0.9545],[130.6348,-0.9803],[130.7177,-1.0774],[130.7182,-1.0963],[130.6904,-1.0973],[130.7381,-1.1676],[130.7516,-1.2371]]],[[[130.2326,-0.2017],[130.2229,-0.215],[130.2865,-0.226],[130.3371,-0.2652],[130.4228,-0.2604],[130.4521,-0.2768],[130.5173,-0.2415],[130.5348,-0.2575],[130.5177,-0.2954],[130.5482,-0.3266],[130.5484,-0.3818],[130.5691,-0.4036],[130.59,-0.377],[130.5816,-0.3175],[130.6945,-0.3001],[130.7086,-0.4139],[130.7504,-0.4431],[130.8771,-0.4201],[130.9395,-0.3634],[130.93,-0.3299],[130.9091,-0.3059],[130.7453,-0.2915],[130.6751,-0.1724],[130.6311,-0.1481],[130.6371,-0.0935],[130.6944,-0.0779],[130.7218,-0.1367],[130.7907,-0.1695],[130.8005,-0.242],[130.8686,-0.235],[130.9418,-0.3422],[130.9863,-0.3578],[130.9907,-0.337],[131.0222,-0.352],[131.1034,-0.3082],[131.1024,-0.3223],[131.1899,-0.3422],[131.2471,-0.3799],[131.3056,-0.3036],[131.3406,-0.2871],[131.2968,-0.2436],[131.3119,-0.1844],[131.2583,-0.1359],[131.2109,-0.1385],[131.1328,-0.0706],[131.0461,-0.0627],[131.0551,-0.0429],[131.0402,-0.031],[130.9855,-0.0546],[130.7949,-0.0061],[130.7527,-0.0167],[130.7825,-0.0507],[130.7415,-0.0507],[130.7225,-0.0284],[130.634,-0.0632],[130.5972,-0.0445],[130.5679,-0.0659],[130.4831,-0.0747],[130.4127,-0.1146],[130.3999,-0.0831],[130.363,-0.0825],[130.3821,-0.119],[130.3355,-0.1021],[130.2816,-0.1123],[130.3069,-0.1757],[130.3474,-0.1909],[130.336,-0.1409],[130.3783,-0.1559],[130.3954,-0.1831],[130.446,-0.1905],[130.3871,-0.2302],[130.3559,-0.2022],[130.2974,-0.219],[130.2326,-0.2017]]],[[[131.1419,-1.0074],[131.0975,-1.0031],[131.0781,-1.0791],[131.1107,-1.0811],[131.1087,-1.0567],[131.1505,-1.0192],[131.1419,-1.0074]]],[[[130.8895,0.04],[130.8779,0.0182],[130.9033,0.0201],[130.8895,0.04]]],[[[131.741,-1.4547],[131.7153,-1.4278],[131.6577,-1.4668],[131.5928,-1.4649],[131.5869,-1.4841],[131.6367,-1.5452],[131.662,-1.5457],[131.7326,-1.5088],[131.741,-1.4547]]],[[[131.3335,-1.3582],[131.3117,-1.357],[131.3136,-1.3756],[131.2879,-1.3891],[131.3107,-1.4076],[131.3621,-1.3997],[131.3549,-1.3674],[131.3335,-1.3582]]],[[[133.4858,-0.7406],[133.3985,-0.7416],[133.3192,-0.6973],[133.2354,-0.6052],[133.1766,-0.5837],[133.1462,-0.5437],[133.0999,-0.5481],[133.0722,-0.5164],[133.0309,-0.5196],[132.9727,-0.4944],[132.9545,-0.4539],[132.9013,-0.4635],[132.7051,-0.3632],[132.4202,-0.3445],[132.3389,-0.3853],[132.2655,-0.3816],[132.0945,-0.4803],[132.0695,-0.5423],[131.9752,-0.58],[131.9035,-0.6539],[131.9041,-0.6755],[131.8442,-0.7075],[131.5316,-0.7682],[131.5422,-0.7292],[131.5082,-0.7298],[131.2357,-0.8304],[131.2511,-0.8774],[131.2879,-0.8999],[131.2672,-0.9615],[131.2837,-0.9917],[131.262,-0.9932],[131.2409,-1.0269],[131.249,-1.0828],[131.2235,-1.1335],[131.1762,-1.221],[131.0835,-1.2401],[131.0237,-1.2855],[130.9948,-1.3866],[130.9352,-1.4204],[130.9452,-1.442],[130.9964,-1.4571],[131.1648,-1.4629],[131.2077,-1.5226],[131.2819,-1.5041],[131.3352,-1.4641],[131.3302,-1.4275],[131.2697,-1.3858],[131.3152,-1.3716],[131.3239,-1.3296],[131.3547,-1.3191],[131.3466,-1.3624],[131.4029,-1.4328],[131.3831,-1.4426],[131.39,-1.4628],[131.4452,-1.5069],[131.5,-1.4693],[131.5476,-1.4883],[131.5888,-1.453],[131.6639,-1.4494],[131.7178,-1.425],[131.7395,-1.4425],[131.7453,-1.4944],[131.6943,-1.5472],[131.713,-1.5793],[131.7727,-1.5697],[131.7797,-1.5986],[131.81,-1.6135],[131.8537,-1.5695],[131.8916,-1.6105],[131.8811,-1.6364],[131.9175,-1.7198],[131.9758,-1.7052],[131.9952,-1.6741],[132.027,-1.7144],[131.9216,-1.8137],[131.9478,-1.8489],[131.926,-1.8603],[131.9285,-1.8815],[131.9889,-1.9328],[131.9743,-1.9726],[132.0343,-2.0225],[132.0878,-2.03],[132.04,-2.0708],[132.1426,-2.1486],[132.2332,-2.1898],[132.3165,-2.2837],[132.5268,-2.195],[132.5988,-2.1988],[132.6372,-2.1483],[132.6381,-2.0909],[132.6657,-2.1089],[132.6831,-2.0959],[132.681,-2.0424],[132.6576,-2.0391],[132.6604,-2.0198],[132.6399,-2.0183],[132.6256,-1.9832],[132.6561,-1.962],[132.6302,-1.9091],[132.6446,-1.8799],[132.7143,-1.8831],[132.7366,-1.8489],[132.7724,-1.7263],[132.7873,-1.5739],[132.8232,-1.5562],[132.8565,-1.4936],[132.8544,-1.4498],[132.8866,-1.4222],[132.9093,-1.3626],[132.8973,-1.3212],[132.9156,-1.2866],[133,-1.3554],[133.022,-1.3515],[133.0445,-1.3136],[133.0715,-1.3169],[133.154,-1.251],[133.1966,-1.2406],[133.2246,-1.2545],[133.2466,-1.2233],[133.2332,-1.1957],[133.2522,-1.183],[133.3726,-1.2226],[133.4324,-1.1781],[133.4307,-1.0944],[133.469,-0.9011],[133.4412,-0.863],[133.4371,-0.8058],[133.4724,-0.7999],[133.4858,-0.7406]]]]}},{"type":"Feature","properties":{"code":"91","name":"Papua Pegunungan","bbox":[137.7132,-5.3444,141.0012,-2.9291]},"geometry":{"type":"Polygon","coordinates":[[[137.9242,-4.5929],[137.9971,-4.588],[138.0314,-4.6098],[138.0701,-4.5653],[138.0889,-4.5668],[138.1313,-4.5876],[138.1571,-4.6804],[138.1927,-4.7135],[138.2472,-4.6691],[138.2812,-4.6806],[138.3257,-4.6675],[138.3734,-4.7681],[138.3703,-4.7972],[138.4005,-4.8119],[138.5712,-4.7935],[138.5699,-4.7503],[138.5357,-4.7204],[138.5896,-4.6987],[138.603,-4.7239],[138.7506,-4.7088],[138.8078,-4.7279],[138.8077,-4.7452],[138.8546,-4.7016],[138.9427,-4.7638],[138.9801,-4.7577],[138.9452,-4.8028],[138.9482,-4.8363],[139.0513,-4.8462],[139.1142,-4.767],[139.1646,-4.7418],[139.1678,-4.8355],[139.1207,-4.9286],[139.071,-4.9624],[139.0777,-4.9863],[139.4982,-5.0023],[139.5792,-5.0527],[139.6665,-5.0629],[139.9874,-5.0575],[139.9835,-5.0899],[139.9288,-5.0907],[139.9477,-5.1649],[139.9189,-5.2053],[139.873,-5.1495],[139.8204,-5.1648],[139.9433,-5.2215],[139.9717,-5.2228],[139.9803,-5.2031],[139.9675,-5.1455],[139.9833,-5.0918],[140.0437,-5.1396],[140.0457,-5.1787],[140.1203,-5.1513],[140.06,-5.0495],[140.1038,-5.035],[140.1119,-5.0531],[140.2358,-5.0472],[140.2971,-5.1553],[140.3875,-5.1962],[140.3877,-5.2124],[140.5098,-5.2248],[140.5542,-5.2561],[140.6264,-5.2642],[140.7263,-5.233],[140.7379,-5.2777],[141.0006,-5.3444],[141.0012,-4.0196],[140.9766,-3.9675],[140.8927,-3.9614],[140.8319,-3.9967],[140.7181,-4.0202],[140.6921,-3.984],[140.6608,-3.9854],[140.694,-4.0472],[140.6667,-4.0375],[140.6401,-4.0647],[140.6146,-4.0595],[140.5863,-4.1142],[140.5084,-4.0504],[140.465,-3.9618],[140.4273,-3.9312],[140.4394,-3.9185],[140.4123,-3.8839],[140.4311,-3.8569],[140.4145,-3.8427],[140.4128,-3.7821],[140.5424,-3.8282],[140.4973,-3.905],[140.4985,-3.9408],[140.542,-3.9666],[140.5643,-3.9605],[140.5711,-3.9329],[140.6341,-3.9771],[140.7157,-3.9172],[140.7777,-3.9395],[140.7769,-3.9604],[140.8345,-3.9325],[140.8253,-3.8685],[140.7834,-3.8536],[140.767,-3.8737],[140.7022,-3.8862],[140.6879,-3.7934],[140.648,-3.798],[140.5851,-3.7546],[140.5448,-3.7511],[140.5267,-3.7781],[140.3986,-3.7344],[140.3212,-3.7436],[140.2853,-3.7179],[140.2703,-3.67],[140.2055,-3.6777],[140.1763,-3.7082],[140.0913,-3.6838],[140.0647,-3.6491],[140.0014,-3.7011],[139.9583,-3.6314],[139.9645,-3.6116],[139.8896,-3.622],[139.8684,-3.59],[139.7837,-3.57],[139.7778,-3.5154],[139.7561,-3.5105],[139.7438,-3.5453],[139.7102,-3.527],[139.6907,-3.5496],[139.6996,-3.6316],[139.6628,-3.6643],[139.626,-3.6642],[139.6232,-3.706],[139.5957,-3.7226],[139.5184,-3.658],[139.5055,-3.5225],[139.498,-3.5067],[139.4711,-3.5201],[139.4734,-3.4595],[139.3735,-3.4359],[139.3759,-3.4718],[139.3557,-3.4832],[139.3311,-3.475],[139.3248,-3.4459],[139.3109,-3.472],[139.2481,-3.4387],[139.2067,-3.449],[139.1808,-3.4268],[139.1404,-3.4258],[139.1474,-3.3732],[139.1302,-3.3544],[139.1071,-3.3762],[139.1068,-3.3448],[139.0729,-3.3238],[139.0688,-3.2979],[139.095,-3.307],[139.0863,-3.2818],[139.0655,-3.2764],[138.9994,-3.3011],[138.8724,-3.4229],[138.8881,-3.3575],[138.8756,-3.3402],[138.9186,-3.2784],[138.9095,-3.2557],[138.8815,-3.2278],[138.8062,-3.2238],[138.8178,-3.168],[138.7457,-3.1776],[138.7164,-3.2151],[138.6778,-3.1995],[138.7131,-3.2959],[138.7026,-3.3274],[138.6624,-3.3099],[138.5841,-3.2231],[138.6037,-3.169],[138.5729,-3.1461],[138.5777,-3.1277],[138.5963,-3.1329],[138.5853,-3.0934],[138.6148,-3.0575],[138.5837,-2.9832],[138.5944,-2.9613],[138.5243,-2.9374],[138.5038,-2.9491],[138.41,-2.9291],[138.3956,-2.9715],[138.3574,-2.9432],[138.2917,-2.9921],[138.285,-3.0169],[138.2473,-3.0259],[138.2446,-3.0489],[138.2027,-3.0388],[138.1654,-2.9726],[138.1326,-2.9923],[138.1498,-3.0005],[138.1268,-3.0278],[138.0852,-3.0299],[138.0901,-3.1272],[138.0747,-3.1313],[138.0696,-3.2143],[138.1101,-3.2867],[138.0998,-3.3265],[138.0392,-3.3115],[138.034,-3.3465],[138.0513,-3.3626],[138.0346,-3.4075],[138.0545,-3.4445],[138.0634,-3.5575],[138.1036,-3.6029],[138.195,-3.5986],[138.2563,-3.6451],[138.2671,-3.6276],[138.2892,-3.7024],[138.3157,-3.7072],[138.2952,-3.7528],[138.2594,-3.7743],[138.3445,-3.7642],[138.3539,-3.8256],[138.2656,-3.8273],[138.2362,-3.8691],[138.1532,-3.9111],[138.1042,-3.9117],[138.0667,-3.8754],[138.0012,-3.8971],[137.9613,-3.9386],[137.9799,-4.1214],[137.925,-4.1625],[137.9256,-4.1904],[137.8894,-4.1772],[137.8396,-4.1893],[137.8408,-4.1501],[137.7359,-4.1207],[137.7132,-4.1915],[137.7336,-4.2188],[137.8252,-4.2335],[137.8505,-4.2055],[137.877,-4.2769],[137.8946,-4.2666],[137.9019,-4.2152],[137.9707,-4.2221],[137.9325,-4.4251],[137.8649,-4.4239],[137.8327,-4.5048],[137.8295,-4.5413],[137.9242,-4.5929]],[[138.5452,-3.3115],[138.5138,-3.3185],[138.4996,-3.2999],[138.5099,-3.2639],[138.5452,-3.2755],[138.5452,-3.3115]]]}},{"type":"Feature","properties":{"code":"91","name":"Papua Selatan","bbox":[137.6406,-9.1255,141.02,-4.5653]},"geometry":{"type":"MultiPolygon","coordinates":[[[[138.4997,-8.3236],[138.4755,-8.3504],[138.2642,-8.3911],[138.2639,-8.4156],[138.3611,-8.4142],[138.4425,-8.3827],[138.4997,-8.3236]]],[[[138.8213,-8.1453],[138.6786,-8.1704],[138.6624,-8.2369],[138.5868,-8.2899],[138.5501,-8.3344],[138.5635,-8.3524],[138.7345,-8.3862],[138.8971,-8.3861],[138.9134,-8.2967],[138.8474,-8.2652],[138.8467,-8.2026],[138.8213,-8.1453]]],[[[137.7189,-8.4122],[137.8716,-8.3725],[138.3021,-8.3914],[138.3205,-8.3706],[138.4385,-8.357],[138.615,-8.249],[138.6838,-8.1472],[138.8025,-8.134],[138.8382,-8.0734],[138.9104,-8.0768],[138.8892,-8.0232],[138.8972,-7.9021],[138.9938,-7.8502],[139.0022,-7.7286],[139.0805,-7.5681],[138.9412,-7.5463],[138.8426,-7.4144],[138.736,-7.3687],[138.4194,-7.4042],[138.2207,-7.4682],[138.0334,-7.6176],[137.9712,-7.7353],[137.9154,-7.7772],[137.8672,-7.8527],[137.7964,-8.0074],[137.8138,-8.0402],[137.7649,-8.0728],[137.7216,-8.139],[137.664,-8.3016],[137.6406,-8.4222],[137.6761,-8.4569],[137.7189,-8.4122]]],[[[138.6544,-6.7448],[138.6384,-6.7321],[138.6135,-6.7556],[138.6648,-6.8211],[138.6764,-6.8677],[138.7233,-6.8839],[138.7962,-6.8325],[138.7357,-6.7593],[138.6544,-6.7448]]],[[[138.7087,-6.6332],[138.6692,-6.6547],[138.674,-6.7247],[138.7744,-6.7663],[138.8471,-6.8288],[138.9277,-6.8208],[138.9451,-6.8031],[138.9115,-6.7862],[138.8472,-6.7988],[138.8211,-6.7772],[138.8148,-6.6983],[138.7087,-6.6332]]],[[[138.9921,-8.2878],[138.9361,-8.3055],[138.9434,-8.322],[138.9685,-8.3278],[138.9921,-8.2878]]],[[[138.9976,-8.2314],[138.9242,-8.2796],[138.9345,-8.3029],[138.9757,-8.2909],[138.9976,-8.2314]]],[[[138.8549,-8.2103],[138.8477,-8.2551],[138.8909,-8.2661],[138.8549,-8.2103]]],[[[137.6778,-5.2177],[137.7531,-5.3115],[137.7319,-5.3165],[137.7351,-5.3717],[137.7619,-5.3495],[137.8159,-5.3798],[137.8631,-5.3501],[138.0166,-5.5086],[138.054,-5.5046],[138.0816,-5.5337],[138.125,-5.5328],[138.0654,-5.5562],[138.0454,-5.5922],[138.0661,-5.724],[138.0761,-5.7368],[138.1673,-5.7251],[138.177,-5.7439],[138.1543,-5.7654],[138.1718,-5.819],[138.2767,-5.841],[138.2505,-5.8852],[138.2554,-5.9243],[138.3955,-6.1698],[138.383,-6.1966],[138.4329,-6.3232],[138.4209,-6.3452],[138.684,-6.6078],[138.8244,-6.6967],[138.8306,-6.7811],[138.9489,-6.7977],[138.9406,-6.8452],[138.7968,-6.8514],[138.7254,-6.9008],[138.6282,-6.876],[138.5645,-6.933],[138.6187,-7.0154],[138.706,-7.0747],[138.667,-7.2084],[138.6847,-7.23],[138.8671,-7.3174],[138.9205,-7.3952],[138.9676,-7.5211],[139.0513,-7.5161],[139.0996,-7.5397],[139.1102,-7.5701],[139.019,-7.7496],[139.0127,-7.8604],[138.923,-7.907],[138.9091,-7.9326],[138.9225,-7.9673],[138.9031,-8.0281],[138.9278,-8.0619],[138.9072,-8.0877],[138.861,-8.09],[138.8339,-8.123],[138.9077,-8.2612],[138.9228,-8.277],[138.9597,-8.2593],[138.9931,-8.2243],[138.9742,-8.2027],[139.0819,-8.1369],[139.2074,-8.0971],[139.2234,-8.0948],[139.2803,-8.178],[139.3397,-8.2059],[139.4518,-8.1944],[139.5968,-8.1292],[139.7223,-8.0995],[139.9504,-8.1016],[139.9938,-8.1994],[140.16,-8.3296],[140.2271,-8.3558],[140.2437,-8.3915],[140.3553,-8.4725],[140.5054,-8.6209],[140.5291,-8.6868],[140.6242,-8.8234],[140.7279,-8.9067],[140.8888,-9.0824],[141.0196,-9.1255],[141.02,-6.8923],[140.9408,-6.8939],[140.9379,-6.8727],[140.9129,-6.8637],[140.897,-6.8442],[140.9182,-6.8265],[140.9125,-6.809],[140.8708,-6.7945],[140.8936,-6.7518],[140.8477,-6.7221],[140.8461,-6.6842],[140.8707,-6.6763],[140.8567,-6.6419],[140.8766,-6.6261],[140.8726,-6.6033],[140.8907,-6.6046],[140.9285,-6.543],[140.9223,-6.5],[140.9483,-6.4929],[140.9388,-6.4447],[140.9188,-6.4367],[140.9754,-6.3827],[140.9601,-6.3329],[141,-6.3223],[141.0006,-5.3444],[140.7379,-5.2777],[140.7263,-5.233],[140.6264,-5.2642],[140.5542,-5.2561],[140.5098,-5.2248],[140.3877,-5.2124],[140.3875,-5.1962],[140.2971,-5.1553],[140.2358,-5.0472],[140.1119,-5.0531],[140.1038,-5.035],[140.06,-5.0495],[140.1203,-5.1513],[140.0457,-5.1787],[140.0437,-5.1396],[139.9833,-5.0918],[139.9675,-5.1455],[139.9803,-5.2031],[139.9717,-5.2228],[139.9433,-5.2215],[139.8204,-5.1648],[139.873,-5.1495],[139.9189,-5.2053],[139.9477,-5.1649],[139.9288,-5.0907],[139.9835,-5.0899],[139.9874,-5.0575],[139.6665,-5.0629],[139.5792,-5.0527],[139.4982,-5.0023],[139.0777,-4.9863],[139.071,-4.9624],[139.1207,-4.9286],[139.1678,-4.8355],[139.1646,-4.7418],[139.1142,-4.767],[139.0513,-4.8462],[138.9482,-4.8363],[138.9452,-4.8028],[138.9801,-4.7577],[138.9427,-4.7638],[138.8546,-4.7016],[138.8077,-4.7452],[138.8078,-4.7279],[138.7506,-4.7088],[138.603,-4.7239],[138.5896,-4.6987],[138.5357,-4.7204],[138.5699,-4.7503],[138.5712,-4.7935],[138.4005,-4.8119],[138.3703,-4.7972],[138.3734,-4.7681],[138.3257,-4.6675],[138.2812,-4.6806],[138.2472,-4.6691],[138.1927,-4.7135],[138.1571,-4.6804],[138.1313,-4.5876],[138.0701,-4.5653],[138.0314,-4.6098],[137.9971,-4.588],[137.8277,-4.5968],[137.8076,-4.6185],[137.8275,-4.6457],[137.7696,-4.6477],[137.7932,-4.6894],[137.8921,-4.7515],[137.8967,-4.7802],[137.8417,-4.8844],[137.8483,-4.9262],[137.8071,-5.024],[137.7535,-5.0114],[137.7745,-5.0617],[137.7337,-5.0928],[137.7181,-5.1211],[137.7403,-5.1307],[137.7035,-5.1557],[137.6778,-5.2177]]]]}},{"type":"Feature","properties":{"code":"91","name":"Papua Tengah","bbox":[134.5855,-5.2177,138.3543,-2.6828]},"geometry":{"type":"MultiPolygon","coordinates":[[[[134.8223,-2.6828],[134.8029,-2.7104],[134.8359,-2.7245],[134.8638,-2.704],[134.8223,-2.6828]]],[[[134.9568,-4.3167],[135.0124,-4.3497],[135.0129,-4.3375],[134.9568,-4.3167]]],[[[135.7965,-3.0351],[135.7701,-3.0453],[135.7793,-3.0577],[135.7965,-3.0351]]],[[[135.778,-2.9367],[135.7299,-2.9431],[135.7075,-2.9673],[135.7242,-2.9823],[135.7737,-2.9588],[135.778,-2.9367]]],[[[136.7816,-4.8304],[136.7683,-4.8545],[136.7908,-4.8551],[136.7816,-4.8304]]],[[[134.8855,-4.2525],[135.0124,-4.3369],[135.04,-4.3756],[135.2078,-4.4658],[135.4019,-4.4266],[135.7207,-4.4972],[135.9279,-4.4933],[136.1077,-4.6195],[136.1299,-4.6083],[136.1431,-4.631],[136.229,-4.6601],[136.3647,-4.6791],[136.5474,-4.7906],[136.5663,-4.782],[136.5728,-4.8005],[136.7362,-4.8705],[136.7536,-4.8705],[136.7681,-4.829],[136.8075,-4.8344],[136.7889,-4.8784],[136.8316,-4.914],[136.9001,-4.8806],[136.9741,-4.9365],[137.0287,-4.9171],[137.0938,-4.9746],[137.1151,-4.9597],[137.1746,-5.0046],[137.2118,-4.9775],[137.2384,-4.9865],[137.2844,-5.0254],[137.2957,-5.0107],[137.3267,-5.0268],[137.3977,-5.1084],[137.4353,-5.1147],[137.4494,-5.099],[137.496,-5.145],[137.5476,-5.1374],[137.5697,-5.1829],[137.6778,-5.2177],[137.7035,-5.1557],[137.7403,-5.1307],[137.7181,-5.1211],[137.7337,-5.0928],[137.7745,-5.0617],[137.7535,-5.0114],[137.8071,-5.024],[137.8483,-4.9262],[137.8417,-4.8844],[137.8967,-4.7802],[137.8921,-4.7515],[137.7932,-4.6894],[137.7696,-4.6477],[137.8275,-4.6457],[137.8076,-4.6185],[137.8277,-4.5968],[137.9242,-4.5929],[137.8295,-4.5413],[137.8327,-4.5048],[137.8649,-4.4239],[137.9325,-4.4251],[137.9707,-4.2221],[137.9019,-4.2152],[137.8946,-4.2666],[137.877,-4.2769],[137.8505,-4.2055],[137.8252,-4.2335],[137.7336,-4.2188],[137.7132,-4.1915],[137.7359,-4.1207],[137.8408,-4.1501],[137.8396,-4.1893],[137.8894,-4.1772],[137.9256,-4.1904],[137.925,-4.1625],[137.9799,-4.1214],[137.9613,-3.9386],[138.0012,-3.8971],[138.0667,-3.8754],[138.1042,-3.9117],[138.1532,-3.9111],[138.2362,-3.8691],[138.2656,-3.8273],[138.3539,-3.8256],[138.3543,-3.7932],[138.3445,-3.7642],[138.2594,-3.7743],[138.2952,-3.7528],[138.3157,-3.7072],[138.2892,-3.7024],[138.2671,-3.6276],[138.2563,-3.6451],[138.195,-3.5986],[138.1036,-3.6029],[138.0634,-3.5575],[138.0545,-3.4445],[138.0346,-3.4075],[138.0513,-3.3626],[138.034,-3.3465],[138.0392,-3.3115],[138.0998,-3.3265],[138.1101,-3.2867],[138.0792,-3.241],[138.0194,-3.2172],[138.007,-3.1848],[137.9998,-3.1106],[138.024,-3.084],[138.0135,-3.0577],[138.0593,-3.0222],[138.0637,-2.9966],[138.0458,-2.9848],[138.0059,-3.0255],[137.9613,-3.0321],[137.9669,-3.0141],[137.948,-3.0028],[137.9281,-3.0259],[137.9002,-3.014],[137.908,-3.0441],[137.886,-3.0386],[137.8737,-3.0809],[137.8425,-3.05],[137.8339,-3.0707],[137.7869,-3.0834],[137.7583,-3.0562],[137.7227,-3.0651],[137.7041,-3.0383],[137.6259,-3.0623],[137.6238,-3.0403],[137.5812,-3.0662],[137.5523,-3.0512],[137.5497,-3.071],[137.4447,-3.1073],[137.3767,-3.0938],[137.3632,-3.0689],[137.2909,-3.1127],[137.1105,-3.1335],[137.0625,-3.1832],[137.0625,-3.2332],[137.0034,-3.3174],[136.9507,-3.2836],[137.0407,-3.2113],[136.9867,-3.1758],[136.9032,-3.1581],[136.914,-3.2164],[136.8881,-3.2593],[136.9244,-3.3291],[136.9611,-3.3329],[136.9602,-3.3905],[136.8984,-3.4062],[136.8506,-3.2545],[136.7702,-3.2514],[136.7455,-3.2666],[136.7374,-3.2382],[136.7652,-3.1927],[136.6679,-3.1373],[136.6458,-3.1604],[136.6656,-3.2251],[136.5673,-3.254],[136.5327,-3.2258],[136.5207,-3.1593],[136.5587,-3.1126],[136.5715,-3.046],[136.4632,-3.0623],[136.4055,-3.0147],[136.3392,-3.0284],[136.2977,-2.9731],[136.3085,-2.9355],[136.29,-2.8876],[136.2045,-2.8006],[136.1537,-2.7941],[136.1393,-2.7722],[136.0498,-2.771],[136.0471,-2.7191],[136.0114,-2.7059],[135.9457,-2.7832],[135.9583,-2.7946],[135.9362,-2.8489],[135.9055,-2.8711],[135.9099,-2.8944],[135.9313,-2.8889],[135.9237,-2.9609],[135.8265,-3.0141],[135.8166,-3.0396],[135.7304,-3.0675],[135.76,-3.0836],[135.7611,-3.1052],[135.5961,-3.1943],[135.5586,-3.2997],[135.5065,-3.3527],[135.3477,-3.3892],[135.1521,-3.3707],[135.1126,-3.3818],[135.0525,-3.3294],[134.9849,-3.3276],[134.9452,-3.2837],[134.9466,-3.2477],[134.8611,-3.25],[134.8495,-3.1923],[134.8661,-3.1674],[134.8332,-3.1286],[134.8036,-3.1361],[134.8187,-3.0118],[134.8528,-2.9995],[134.8324,-2.9612],[134.8494,-2.9544],[134.8462,-2.8985],[134.8249,-2.884],[134.8237,-2.9179],[134.8063,-2.9148],[134.7964,-2.9513],[134.7756,-2.9449],[134.7765,-2.9864],[134.6866,-2.9669],[134.6614,-2.7563],[134.637,-2.7582],[134.6234,-2.7881],[134.5855,-2.8048],[134.6312,-3.0618],[134.6171,-3.083],[134.6306,-3.115],[134.6088,-3.1277],[134.6677,-3.1729],[134.6839,-3.2611],[134.727,-3.3167],[134.7271,-3.3605],[134.7569,-3.3827],[134.8098,-3.3694],[134.8557,-3.3881],[134.865,-3.4193],[134.9188,-3.4403],[134.9388,-3.4882],[134.9765,-3.5139],[134.9917,-3.5855],[135.0143,-3.5988],[135.0469,-3.6101],[135.0721,-3.5842],[135.1189,-3.5792],[135.1337,-3.5976],[135.1744,-3.5736],[135.1978,-3.5956],[135.1233,-3.6918],[135.051,-3.6888],[135.0181,-3.7187],[135.0446,-3.8095],[135.027,-3.8322],[135.0334,-3.8809],[135.06,-3.8704],[135.0975,-3.929],[135.0929,-3.9665],[135.057,-3.9708],[135.0304,-4.0058],[135.0538,-4.0495],[135.0034,-4.0922],[134.9969,-4.1286],[134.9692,-4.1401],[134.9359,-4.2266],[134.8855,-4.2525]]]]}},{"type":"Feature","properties":{"code":"14","name":"Riau","bbox":[100.0508,-1.1242,103.809,2.5477]},"geometry":{"type":"MultiPolygon","coordinates":[[[[101.403,1.8279],[101.3936,1.7924],[101.4113,1.7998],[101.403,1.8279]]],[[[100.6739,2.1861],[100.6338,2.218],[100.6543,2.1772],[100.6739,2.1861]]],[[[100.7381,2.2633],[100.7127,2.2669],[100.7044,2.249],[100.7249,2.166],[100.7862,2.125],[100.7785,2.1843],[100.7381,2.2633]]],[[[103.0401,0.6598],[103.0281,0.6435],[103.0639,0.5688],[103.0836,0.5885],[103.0401,0.6598]]],[[[100.1812,0.7623],[100.2133,0.7361],[100.2619,0.7332],[100.2845,0.6895],[100.2203,0.6621],[100.1981,0.6263],[100.2395,0.5316],[100.2244,0.5028],[100.2761,0.4119],[100.3459,0.3806],[100.4291,0.422],[100.4611,0.4116],[100.4306,0.3565],[100.4671,0.3146],[100.559,0.3047],[100.5872,0.2535],[100.6859,0.1886],[100.7014,0.2385],[100.7646,0.2337],[100.8146,0.2605],[100.843,0.2233],[100.8418,0.1462],[100.7961,0.1273],[100.7789,0.0827],[100.8,0.0568],[100.8307,0.0674],[100.8638,0.0464],[100.8446,0.0339],[100.8416,-0.0066],[100.8045,-0.0339],[100.7638,-0.0222],[100.7458,-0.0518],[100.7743,-0.2131],[100.8379,-0.2844],[100.845,-0.3428],[100.9922,-0.3158],[101.0319,-0.3453],[101.037,-0.4398],[101.0668,-0.5035],[101.1087,-0.5009],[101.1785,-0.5417],[101.2549,-0.6252],[101.3574,-0.6575],[101.3478,-0.6835],[101.3956,-0.7053],[101.4029,-0.7458],[101.4324,-0.746],[101.5058,-0.8085],[101.5876,-0.8473],[101.6477,-0.8237],[101.7317,-0.8706],[101.7345,-0.8965],[101.6982,-0.9355],[101.7452,-0.9528],[101.7508,-0.9717],[101.8527,-0.9793],[101.9078,-0.9525],[101.9154,-0.9193],[101.9665,-0.9139],[101.9861,-0.8811],[102.0119,-0.8778],[102.126,-0.9211],[102.1618,-0.9011],[102.1885,-0.9187],[102.1903,-0.945],[102.2783,-0.9158],[102.3078,-0.9213],[102.3235,-0.9619],[102.3831,-0.9936],[102.3715,-1.0302],[102.4413,-1.0313],[102.48,-1.0891],[102.6137,-1.096],[102.6321,-1.1242],[102.7816,-1.0234],[102.7695,-1.0106],[102.7839,-0.9818],[102.9278,-0.8661],[103.0036,-0.7547],[103.0808,-0.7619],[103.1118,-0.7466],[103.3025,-0.7655],[103.3464,-0.7792],[103.3528,-0.7992],[103.4089,-0.77],[103.4312,-0.7781],[103.4411,-0.7317],[103.4274,-0.7066],[103.4062,-0.7063],[103.4378,-0.5386],[103.4214,-0.5219],[103.5437,-0.5035],[103.6082,-0.4253],[103.5841,-0.4009],[103.6965,-0.3559],[103.7782,-0.3463],[103.7596,-0.3004],[103.7089,-0.2564],[103.6632,-0.2509],[103.6397,-0.2254],[103.4713,-0.2096],[103.4556,-0.1838],[103.4937,-0.1581],[103.4735,-0.1021],[103.5808,-0.0623],[103.587,-0.0223],[103.6141,-0.0061],[103.685,-0.0277],[103.809,-0.0112],[103.7653,0.183],[103.7099,0.3],[103.6029,0.3458],[103.5803,0.3977],[103.4125,0.522],[103.3256,0.5447],[103.2881,0.5072],[103.1961,0.4748],[103.1553,0.4034],[103.1105,0.385],[103.0757,0.4414],[103.1073,0.4558],[103.0958,0.4948],[102.9151,0.7132],[102.8771,0.7353],[102.7893,0.7319],[102.6758,0.7557],[102.569,0.7392],[102.4982,0.7539],[102.4233,0.7998],[102.2294,0.9953],[102.1911,1.0943],[102.2089,1.1887],[102.1964,1.2163],[102.1638,1.2287],[102.1505,1.2713],[102.149,1.3773],[102.0584,1.4225],[101.7618,1.6595],[101.7182,1.6715],[101.5616,1.637],[101.393,1.7134],[101.3556,1.7858],[101.3635,1.8314],[101.3032,2.0422],[101.0762,2.2151],[101.0463,2.2916],[100.8903,2.3033],[100.7708,2.2799],[100.7605,2.2509],[100.7889,2.1188],[100.7632,2.0863],[100.5677,2.1557],[100.4404,2.2591],[100.3958,2.3206],[100.3469,2.4285],[100.3219,2.5477],[100.299,2.4426],[100.3106,2.3553],[100.3727,2.2241],[100.3205,2.0374],[100.3181,1.9018],[100.2889,1.8755],[100.2804,1.8125],[100.3903,1.7596],[100.3527,1.734],[100.4167,1.6548],[100.4046,1.5783],[100.4345,1.5204],[100.4218,1.4854],[100.3766,1.4498],[100.3185,1.448],[100.3224,1.4703],[100.2874,1.4608],[100.3282,1.4366],[100.3005,1.417],[100.1805,1.4168],[100.0534,1.3799],[100.0508,1.3497],[100.0934,1.3268],[100.1258,1.2559],[100.1111,1.2215],[100.1425,1.175],[100.1661,1.1698],[100.1704,1.1227],[100.1166,1.09],[100.1631,1.0038],[100.1398,0.9792],[100.1511,0.9359],[100.1189,0.9104],[100.1396,0.9003],[100.1217,0.8214],[100.1812,0.7623]]],[[[102.5694,0.7676],[102.6542,0.7892],[102.8571,0.7938],[102.9178,0.775],[102.9947,0.6892],[103.0199,0.6857],[103.0489,0.7211],[103.0561,0.7814],[103.0462,0.8246],[102.8766,0.9532],[102.734,1.0224],[102.6453,0.9912],[102.5891,1.0013],[102.4748,0.9278],[102.4475,0.9367],[102.4107,0.892],[102.4116,0.8564],[102.4367,0.8258],[102.5694,0.7676]]],[[[102.8945,0.9608],[103.0713,0.8322],[103.1525,0.8485],[103.1532,0.895],[103.0084,1.0676],[102.8932,1.1252],[102.737,1.1549],[102.689,1.1202],[102.6555,1.0326],[102.6228,1.0185],[102.6481,1.009],[102.7442,1.039],[102.8097,0.9905],[102.8945,0.9608]]],[[[102.4904,0.9764],[102.5009,0.9453],[102.6073,1.005],[102.6138,1.0469],[102.5367,1.1298],[102.4797,1.1233],[102.4614,1.0819],[102.4904,0.9764]]],[[[102.2251,1.243],[102.2461,1.1947],[102.2365,1.1015],[102.2761,1.0055],[102.3928,0.9134],[102.4372,0.9482],[102.4834,0.9525],[102.4386,1.0712],[102.4848,1.2383],[102.2718,1.4186],[102.2097,1.4014],[102.2278,1.3304],[102.206,1.2773],[102.2251,1.243]]],[[[102.1186,1.4603],[102.2857,1.433],[102.3984,1.3232],[102.496,1.2533],[102.5085,1.2624],[102.4962,1.4689],[102.4598,1.5184],[102.0647,1.6042],[102.0018,1.5957],[102.0264,1.5394],[102.1186,1.4603]]],[[[101.4205,1.8201],[101.4537,1.7267],[101.5262,1.7036],[101.6191,1.6901],[101.7099,1.7444],[101.735,1.771],[101.7542,1.8927],[101.7851,1.9416],[101.7789,1.9821],[101.7224,2.0461],[101.7042,2.0965],[101.6558,2.1248],[101.5862,2.0858],[101.5636,2.0432],[101.5251,2.0358],[101.4742,2.0657],[101.4055,2.021],[101.3839,1.9064],[101.4205,1.8201]]],[[[103.5554,-0.1764],[103.5081,-0.1982],[103.5657,-0.1952],[103.5554,-0.1764]]],[[[103.5098,-0.1059],[103.492,-0.0889],[103.4737,-0.1084],[103.5031,-0.1194],[103.5098,-0.1059]]],[[[103.5831,-0.0826],[103.5236,-0.0898],[103.5055,-0.1195],[103.5829,-0.1033],[103.5831,-0.0826]]],[[[103.6644,-0.0529],[103.6814,-0.0408],[103.6396,-0.0157],[103.6644,-0.0529]]],[[[103.6281,-0.017],[103.5996,-0.0202],[103.6478,-0.0467],[103.6281,-0.017]]],[[[103.2058,0.5201],[103.2848,0.5296],[103.3015,0.5974],[103.2642,0.6735],[103.2059,0.7024],[103.1495,0.6648],[103.1378,0.5683],[103.165,0.5002],[103.2058,0.5201]]],[[[103.0988,0.7988],[103.0761,0.7429],[103.1008,0.7194],[103.1142,0.739],[103.0988,0.7988]]],[[[103.0822,0.8221],[103.0838,0.7965],[103.1075,0.8064],[103.0822,0.8221]]]]}},{"type":"Feature","properties":{"code":"76","name":"Sulawesi Barat","bbox":[118.7572,-3.5631,119.8747,-0.8495]},"geometry":{"type":"Polygon","coordinates":[[[119.5612,-0.8495],[119.467,-1.0627],[119.3671,-1.1719],[119.3401,-1.1695],[119.3033,-1.2735],[119.3328,-1.3481],[119.2908,-1.3933],[119.2885,-1.4501],[119.3266,-1.5725],[119.2817,-1.6887],[119.2996,-1.7038],[119.3141,-1.7905],[119.3536,-1.8193],[119.3625,-1.8606],[119.3319,-1.9615],[119.2857,-1.9541],[119.2124,-1.9974],[119.2228,-2.0126],[119.1881,-2.1506],[119.1452,-2.2003],[119.1526,-2.2382],[119.1232,-2.3119],[119.138,-2.4759],[119.042,-2.5089],[119.031,-2.5809],[118.9241,-2.6596],[118.8739,-2.6807],[118.8235,-2.622],[118.7784,-2.6938],[118.7822,-2.7466],[118.7572,-2.785],[118.77,-2.867],[118.8518,-2.852],[118.8811,-2.8808],[118.8853,-2.9113],[118.8486,-2.9875],[118.8596,-3.0318],[118.8382,-3.0817],[118.7783,-3.0813],[118.7817,-3.1245],[118.8292,-3.1701],[118.8576,-3.2966],[118.8452,-3.3642],[118.8791,-3.4757],[118.9465,-3.5529],[118.9694,-3.5452],[118.9934,-3.5631],[119.0191,-3.5192],[119.0654,-3.5026],[119.1176,-3.5134],[119.135,-3.4945],[119.2357,-3.485],[119.2853,-3.4296],[119.3099,-3.4259],[119.448,-3.4765],[119.474,-3.5018],[119.4919,-3.4741],[119.4656,-3.3773],[119.4356,-3.3403],[119.4365,-3.2763],[119.387,-3.2172],[119.4349,-3.1713],[119.4703,-3.1909],[119.5137,-3.1726],[119.5361,-3.1393],[119.5701,-3.1451],[119.6325,-3.1098],[119.5646,-2.9943],[119.5766,-2.9502],[119.55,-2.8976],[119.5792,-2.8233],[119.578,-2.7536],[119.6087,-2.7392],[119.6817,-2.7562],[119.7478,-2.7144],[119.744,-2.6106],[119.7621,-2.5829],[119.7458,-2.5359],[119.7127,-2.5199],[119.7229,-2.393],[119.6877,-2.3698],[119.6826,-2.3297],[119.699,-2.314],[119.6775,-2.2795],[119.7469,-2.2221],[119.7139,-2.1516],[119.7352,-2.1254],[119.8037,-2.1122],[119.8177,-2.0593],[119.8703,-2.0185],[119.8473,-2.0229],[119.871,-1.9381],[119.8478,-1.904],[119.8747,-1.8611],[119.8588,-1.8257],[119.872,-1.7828],[119.7954,-1.7399],[119.7956,-1.7089],[119.728,-1.6378],[119.7369,-1.6101],[119.6723,-1.5464],[119.6843,-1.4426],[119.6205,-1.3968],[119.5209,-1.4336],[119.5022,-1.3943],[119.4788,-1.4015],[119.4385,-1.3783],[119.4275,-1.3392],[119.4528,-1.3355],[119.5365,-1.2218],[119.5282,-1.1861],[119.5768,-1.1781],[119.5933,-1.125],[119.5731,-1.0777],[119.5759,-1.0208],[119.5572,-1.0096],[119.5612,-0.8495]]]}},{"type":"Feature","properties":{"code":"73","name":"Sulawesi Selatan","bbox":[117.6621,-7.423,121.8396,-1.948]},"geometry":{"type":"MultiPolygon","coordinates":[[[[117.9371,-5.3628],[117.9285,-5.3925],[117.951,-5.3832],[117.9371,-5.3628]]],[[[117.6621,-5.1762],[117.6639,-5.214],[117.6804,-5.1998],[117.6621,-5.1762]]],[[[119.1146,-6.8383],[119.1005,-6.8694],[119.1228,-6.8579],[119.1146,-6.8383]]],[[[119.2707,-5.4999],[119.2566,-5.5219],[119.2966,-5.5309],[119.3184,-5.4873],[119.2793,-5.4724],[119.2707,-5.4999]]],[[[120.4378,-6.5883],[120.4257,-6.6403],[120.4378,-6.5883]]],[[[120.4196,-6.1794],[120.4166,-6.1389],[120.3966,-6.1979],[120.4201,-6.2072],[120.4196,-6.1794]]],[[[120.9238,-7.2833],[120.8389,-7.2599],[120.7952,-7.2717],[120.8309,-7.2989],[121.0006,-7.3323],[121.0515,-7.3267],[121.0637,-7.3013],[120.9238,-7.2833]]],[[[120.7731,-7.118],[120.787,-7.0632],[120.7366,-7.0748],[120.6196,-7.0055],[120.6271,-7.0478],[120.6041,-7.0746],[120.6314,-7.0936],[120.6348,-7.1293],[120.6684,-7.1457],[120.6806,-7.1225],[120.7678,-7.1346],[120.7731,-7.118]]],[[[120.812,-6.8368],[120.7877,-6.7794],[120.7934,-6.8634],[120.812,-6.8368]]],[[[120.4406,-6.1928],[120.4458,-6.2666],[120.4807,-6.2842],[120.4612,-6.4128],[120.4809,-6.4892],[120.5006,-6.4572],[120.4931,-6.4003],[120.5384,-6.3276],[120.5287,-6.1884],[120.5683,-6.0561],[120.53,-5.8448],[120.5025,-5.8129],[120.497,-5.769],[120.4623,-5.7908],[120.4532,-5.8458],[120.4451,-5.9593],[120.4658,-6.0917],[120.4301,-6.1695],[120.4406,-6.1928]]],[[[119.474,-3.5018],[119.5134,-3.5598],[119.5109,-3.5952],[119.4588,-3.6438],[119.4526,-3.7134],[119.5787,-3.9849],[119.6329,-3.967],[119.6053,-4.1031],[119.638,-4.1734],[119.6173,-4.2087],[119.6229,-4.2388],[119.5964,-4.2353],[119.5958,-4.2483],[119.636,-4.3175],[119.6009,-4.41],[119.5876,-4.5863],[119.4819,-4.7515],[119.5245,-4.9241],[119.4794,-4.9888],[119.4779,-5.0586],[119.4471,-5.1009],[119.4102,-5.1127],[119.3862,-5.158],[119.3542,-5.3258],[119.3609,-5.4105],[119.4306,-5.5086],[119.4184,-5.5603],[119.4601,-5.6064],[119.4884,-5.6045],[119.4599,-5.577],[119.5026,-5.5587],[119.5559,-5.5948],[119.5466,-5.637],[119.577,-5.6581],[119.5937,-5.6179],[119.6507,-5.6288],[119.647,-5.6815],[119.7045,-5.7028],[119.7896,-5.7012],[119.8537,-5.6592],[119.8417,-5.6339],[119.9297,-5.5468],[120.13,-5.5883],[120.2198,-5.5406],[120.2762,-5.5377],[120.3121,-5.5071],[120.3411,-5.5119],[120.4046,-5.5939],[120.4639,-5.6079],[120.449,-5.4744],[120.4244,-5.4648],[120.4338,-5.4454],[120.4059,-5.3459],[120.3427,-5.301],[120.271,-5.1421],[120.3004,-5.0553],[120.2879,-5.0409],[120.3062,-5.0024],[120.2925,-4.9233],[120.3088,-4.9146],[120.3063,-4.8679],[120.3366,-4.8401],[120.3835,-4.8371],[120.4111,-4.6932],[120.4516,-4.6572],[120.3993,-4.6058],[120.3838,-4.5612],[120.3769,-4.5122],[120.3969,-4.4691],[120.3475,-4.4253],[120.3905,-4.3476],[120.3875,-4.3133],[120.3657,-4.2997],[120.3811,-4.1752],[120.3379,-4.0923],[120.361,-4.0216],[120.3421,-3.9959],[120.3441,-3.8927],[120.4391,-3.7462],[120.4382,-3.6902],[120.4176,-3.6785],[120.4125,-3.6384],[120.4175,-3.5737],[120.3798,-3.499],[120.4045,-3.4319],[120.3988,-3.2893],[120.4207,-3.2646],[120.3952,-3.2569],[120.3823,-3.2026],[120.2564,-3.1613],[120.2623,-3.0808],[120.1927,-2.9624],[120.2558,-2.9464],[120.346,-2.87],[120.4469,-2.8271],[120.5291,-2.765],[120.5712,-2.6866],[120.6331,-2.6826],[120.6663,-2.6515],[120.7499,-2.6224],[120.8156,-2.619],[120.8398,-2.6495],[120.8988,-2.6448],[120.914,-2.6633],[120.9942,-2.6791],[121.0373,-2.6637],[121.0378,-2.6939],[121.0801,-2.6996],[121.095,-2.7229],[121.0829,-2.7446],[120.9944,-2.8188],[120.997,-2.87],[121.0102,-2.8664],[120.9967,-2.8273],[121.0825,-2.7733],[121.1305,-2.7953],[121.1589,-2.8386],[121.1866,-2.842],[121.3902,-3.0148],[121.4616,-3.0114],[121.4878,-2.9441],[121.6902,-2.8834],[121.6512,-2.8492],[121.7068,-2.8073],[121.7153,-2.7533],[121.7475,-2.718],[121.7354,-2.6986],[121.7506,-2.6791],[121.7735,-2.6829],[121.7841,-2.6417],[121.6971,-2.5806],[121.673,-2.5199],[121.6299,-2.5056],[121.6207,-2.5351],[121.5853,-2.5281],[121.5703,-2.4912],[121.4688,-2.4154],[121.2843,-2.3813],[121.254,-2.4023],[121.2279,-2.3684],[121.2024,-2.3667],[121.1339,-2.4079],[121.1055,-2.4003],[121.0852,-2.3733],[121.1076,-2.2808],[121.0421,-2.2503],[120.9935,-2.2751],[120.9568,-2.2544],[120.8854,-2.2667],[120.8551,-2.2508],[120.8563,-2.2231],[120.7813,-2.2139],[120.7432,-2.2419],[120.6823,-2.1924],[120.5538,-2.024],[120.524,-2.032],[120.5292,-2.0837],[120.5016,-2.1074],[120.4201,-1.979],[120.3611,-1.9921],[120.3547,-1.9796],[120.3291,-1.9969],[120.3256,-2.0405],[120.2898,-2.0387],[120.2329,-1.987],[120.1914,-1.9907],[120.1803,-1.9662],[120.1291,-1.9946],[120.0731,-1.948],[120.0446,-1.9721],[119.9966,-1.9576],[119.9451,-2.0285],[119.9009,-2.0554],[119.8703,-2.0185],[119.8177,-2.0593],[119.8037,-2.1122],[119.7352,-2.1254],[119.7139,-2.1516],[119.7469,-2.2221],[119.6775,-2.2795],[119.699,-2.314],[119.6826,-2.3297],[119.6877,-2.3698],[119.7229,-2.393],[119.7127,-2.5199],[119.7458,-2.5359],[119.7621,-2.5829],[119.744,-2.6106],[119.7478,-2.7144],[119.6817,-2.7562],[119.6087,-2.7392],[119.578,-2.7536],[119.5792,-2.8233],[119.55,-2.8976],[119.5766,-2.9502],[119.5646,-2.9943],[119.6325,-3.1098],[119.5701,-3.1451],[119.5361,-3.1393],[119.5137,-3.1726],[119.4703,-3.1909],[119.4349,-3.1713],[119.387,-3.2172],[119.4365,-3.2763],[119.4356,-3.3403],[119.4656,-3.3773],[119.4919,-3.4741],[119.474,-3.5018]]],[[[121.782,-7.423],[121.8396,-7.3721],[121.8172,-7.3302],[121.7538,-7.3529],[121.7448,-7.411],[121.782,-7.423]]],[[[121.0999,-7.3974],[121.1563,-7.3721],[121.1655,-7.3499],[121.0825,-7.3039],[121.0703,-7.3761],[121.0999,-7.3974]]],[[[121.7644,-7.2612],[121.7354,-7.2798],[121.7721,-7.2871],[121.7644,-7.2612]]]]}},{"type":"Feature","properties":{"code":"72","name":"Sulawesi Tengah","bbox":[119.4275,-3.6395,124.0325,1.3557]},"geometry":{"type":"MultiPolygon","coordinates":[[[[121.4072,-1.837],[121.3713,-1.8496],[121.3962,-1.8608],[121.4072,-1.837]]],[[[120.3968,1.0327],[120.3883,1.0775],[120.3663,1.03],[120.3856,1.007],[120.3968,1.0327]]],[[[119.5612,-0.8495],[119.5572,-1.0096],[119.5759,-1.0208],[119.5731,-1.0777],[119.5933,-1.125],[119.5768,-1.1781],[119.5282,-1.1861],[119.5365,-1.2218],[119.4528,-1.3355],[119.4275,-1.3392],[119.4385,-1.3783],[119.4788,-1.4015],[119.5022,-1.3943],[119.5209,-1.4336],[119.6205,-1.3968],[119.6843,-1.4426],[119.6723,-1.5464],[119.7369,-1.6101],[119.728,-1.6378],[119.7956,-1.7089],[119.7954,-1.7399],[119.872,-1.7828],[119.8588,-1.8257],[119.8747,-1.8611],[119.8478,-1.904],[119.871,-1.9381],[119.8473,-2.0229],[119.8703,-2.0185],[119.9009,-2.0554],[119.9451,-2.0285],[119.9966,-1.9576],[120.0446,-1.9721],[120.0731,-1.948],[120.1291,-1.9946],[120.1803,-1.9662],[120.1914,-1.9907],[120.2329,-1.987],[120.2898,-2.0387],[120.3256,-2.0405],[120.3291,-1.9969],[120.3547,-1.9796],[120.3611,-1.9921],[120.4201,-1.979],[120.5016,-2.1074],[120.5292,-2.0837],[120.524,-2.032],[120.5538,-2.024],[120.6823,-2.1924],[120.7432,-2.2419],[120.7813,-2.2139],[120.8563,-2.2231],[120.8551,-2.2508],[120.8854,-2.2667],[120.9568,-2.2544],[120.9935,-2.2751],[121.0421,-2.2503],[121.1076,-2.2808],[121.0852,-2.3733],[121.1055,-2.4003],[121.1339,-2.4079],[121.2024,-2.3667],[121.2279,-2.3684],[121.254,-2.4023],[121.2843,-2.3813],[121.4688,-2.4154],[121.5703,-2.4912],[121.5853,-2.5281],[121.6207,-2.5351],[121.6299,-2.5056],[121.673,-2.5199],[121.6971,-2.5806],[121.7841,-2.6417],[121.7735,-2.6829],[121.7506,-2.6791],[121.7354,-2.6986],[121.7475,-2.718],[121.7153,-2.7533],[121.7068,-2.8073],[121.6512,-2.8492],[121.6849,-2.8685],[121.6702,-2.9005],[121.8581,-2.9649],[121.8873,-3.0108],[122.0387,-3.0523],[122.08,-3.0922],[122.1265,-3.0827],[122.1506,-3.0394],[122.1929,-3.0842],[122.2609,-3.1004],[122.2565,-3.1403],[122.3132,-3.1642],[122.3164,-3.2032],[122.2957,-3.2262],[122.3107,-3.2729],[122.3252,-3.2345],[122.3584,-3.2298],[122.3555,-3.252],[122.428,-3.2508],[122.4228,-3.204],[122.4863,-3.1797],[122.4083,-3.1301],[122.383,-3.1455],[122.2516,-3.0271],[122.321,-2.9206],[122.2504,-2.8781],[122.2078,-2.8997],[122.1852,-2.8738],[122.1844,-2.8235],[122.1402,-2.7895],[122.0875,-2.7899],[122.0107,-2.7196],[122.0094,-2.6762],[122.0359,-2.6604],[121.9893,-2.6013],[121.9406,-2.4794],[121.8412,-2.3475],[121.8252,-2.294],[121.7976,-2.2894],[121.7262,-2.2018],[121.6794,-2.1799],[121.6056,-2.1862],[121.5512,-2.168],[121.5331,-2.0617],[121.4527,-2.0002],[121.4139,-1.9123],[121.3782,-1.9193],[121.3765,-1.9822],[121.3393,-1.9857],[121.3489,-1.953],[121.3173,-1.9366],[121.3341,-1.8759],[121.2959,-1.8568],[121.304,-1.7936],[121.3414,-1.7732],[121.3734,-1.8052],[121.4601,-1.8151],[121.4484,-1.8672],[121.5183,-1.8962],[121.5575,-1.9567],[121.6765,-1.9461],[121.7419,-1.8888],[121.8055,-1.764],[121.8022,-1.7389],[121.8462,-1.6979],[121.9573,-1.6796],[122.0373,-1.6111],[122.2199,-1.6014],[122.3032,-1.5348],[122.3898,-1.4953],[122.4971,-1.3558],[122.5622,-1.3087],[122.5634,-1.2653],[122.631,-1.2361],[122.6364,-1.1752],[122.6643,-1.1615],[122.6666,-1.1398],[122.7071,-1.1395],[122.7986,-0.9997],[122.7866,-0.979],[122.804,-0.9411],[122.975,-0.9024],[123.0407,-0.9098],[123.1032,-0.8369],[123.151,-0.8864],[123.1409,-0.9275],[123.1585,-0.9504],[123.2695,-1.0447],[123.309,-1.0516],[123.3746,-1.0084],[123.3969,-0.9556],[123.3915,-0.892],[123.4444,-0.8287],[123.4314,-0.8161],[123.4472,-0.7721],[123.4384,-0.7175],[123.3841,-0.6692],[123.4016,-0.6574],[123.3937,-0.6416],[123.263,-0.5796],[123.194,-0.5702],[123.1672,-0.5844],[123.0578,-0.5639],[123.0395,-0.5961],[122.9896,-0.6224],[122.8232,-0.6299],[122.7443,-0.677],[122.8017,-0.7088],[122.8692,-0.7115],[122.8928,-0.7387],[122.9498,-0.736],[122.9606,-0.7544],[122.7906,-0.7757],[122.7351,-0.8103],[122.656,-0.7944],[122.6172,-0.762],[122.5817,-0.784],[122.4577,-0.7593],[122.4171,-0.7839],[122.2022,-0.7883],[122.1891,-0.8146],[122.1615,-0.8173],[122.1487,-0.9103],[122.1013,-0.9622],[122.0218,-0.9363],[121.9469,-0.9967],[121.8217,-0.9576],[121.7614,-0.971],[121.7193,-0.9531],[121.6579,-0.9134],[121.6637,-0.8129],[121.6339,-0.807],[121.592,-0.8325],[121.6014,-0.8509],[121.5847,-0.8674],[121.4797,-0.9004],[121.4441,-0.9784],[121.3359,-1.0652],[121.2813,-1.1545],[121.2326,-1.1945],[121.1617,-1.3682],[121.0991,-1.438],[121.038,-1.4339],[120.9809,-1.3995],[120.8692,-1.4144],[120.8439,-1.4014],[120.8442,-1.3597],[120.8227,-1.3539],[120.6762,-1.4152],[120.6441,-1.3654],[120.6397,-1.3117],[120.5713,-1.2562],[120.5715,-1.1991],[120.5919,-1.1766],[120.5865,-1.1138],[120.5071,-0.9972],[120.462,-0.9926],[120.4117,-0.9245],[120.3721,-0.9276],[120.3105,-0.9661],[120.2186,-0.8431],[120.1861,-0.8344],[120.1751,-0.7991],[120.1135,-0.7421],[120.0586,-0.6288],[120.0496,-0.4883],[120.0724,-0.4397],[120.0068,-0.275],[120.0087,-0.1777],[120.0421,-0.1279],[120.0398,-0.0581],[120.0652,-0.0609],[120.1002,-0.016],[120.1057,0.0948],[120.1361,0.139],[120.1236,0.1625],[120.1352,0.1923],[120.303,0.4178],[120.5068,0.5134],[120.6953,0.5105],[120.7666,0.4573],[120.855,0.4423],[120.8972,0.3963],[121.0272,0.4397],[121.0808,0.3979],[121.1452,0.41],[121.1754,0.4585],[121.2387,0.463],[121.2529,0.4879],[121.2882,0.4963],[121.3367,0.4738],[121.3516,0.4926],[121.3182,0.5436],[121.3295,0.5753],[121.3011,0.5705],[121.2377,0.6035],[121.2186,0.6385],[121.1657,0.6692],[121.182,0.7451],[121.2181,0.7909],[121.3528,0.796],[121.3643,0.809],[121.3472,0.8465],[121.3855,0.8549],[121.4941,0.8393],[121.5332,0.8533],[121.5491,0.881],[121.6035,0.8727],[121.7864,0.9395],[121.8637,0.9906],[121.9547,0.9073],[122.0155,0.9091],[122.0421,0.9867],[122.1957,1.0386],[122.1024,1.069],[121.9872,1.0226],[121.957,1.0364],[121.9303,1.1021],[121.8794,1.0798],[121.8483,1.0936],[121.7671,1.0704],[121.7083,1.0794],[121.6467,1.053],[121.5504,1.065],[121.5034,1.0913],[121.4199,1.1862],[121.432,1.2277],[121.4697,1.2647],[121.4645,1.3059],[121.4336,1.3074],[121.3615,1.2505],[121.3099,1.2564],[121.2551,1.23],[121.1004,1.3156],[121.0648,1.3018],[120.942,1.3502],[120.9272,1.3179],[120.8871,1.3191],[120.9138,1.3437],[120.9033,1.3557],[120.8802,1.3217],[120.8078,1.3253],[120.8244,1.1746],[120.7771,1.107],[120.7978,1.0915],[120.8086,1.0281],[120.7875,1.0312],[120.7375,0.979],[120.6966,0.9868],[120.6884,0.9534],[120.6358,0.9393],[120.6032,0.8703],[120.6092,0.8151],[120.5756,0.7761],[120.5911,0.7568],[120.5465,0.7585],[120.5546,0.773],[120.536,0.7907],[120.4682,0.7776],[120.3988,0.7911],[120.3288,0.8511],[120.3486,0.9847],[120.285,0.986],[120.2473,0.9574],[120.2309,0.7929],[120.1831,0.7589],[120.0759,0.7424],[120.0404,0.7122],[120.0155,0.6609],[120.0451,0.5127],[119.9991,0.4831],[119.9008,0.4787],[119.8832,0.4599],[119.8884,0.3917],[119.8456,0.3344],[119.8931,0.2866],[119.8994,0.2172],[119.834,0.2165],[119.8092,0.2361],[119.783,0.2267],[119.7726,0.1982],[119.871,0.0979],[119.8846,0.0023],[119.8661,-0.0582],[119.8215,-0.1171],[119.7714,-0.1068],[119.768,-0.0781],[119.7375,-0.0609],[119.7392,-0.0309],[119.6986,0.0015],[119.6668,-0.0179],[119.605,-0.0114],[119.6735,-0.1188],[119.7197,-0.1457],[119.777,-0.1252],[119.8099,-0.1362],[119.8015,-0.1652],[119.8182,-0.1922],[119.7516,-0.3656],[119.7588,-0.4899],[119.8235,-0.6892],[119.8617,-0.7176],[119.878,-0.8641],[119.8696,-0.8831],[119.8378,-0.88],[119.7611,-0.6812],[119.7237,-0.6613],[119.6715,-0.7028],[119.679,-0.7673],[119.6275,-0.7979],[119.613,-0.8353],[119.5612,-0.8495]]],[[[121.669,-0.5746],[121.7,-0.5631],[121.7355,-0.4961],[121.7457,-0.511],[121.7752,-0.4984],[121.8576,-0.5228],[121.863,-0.4964],[121.8855,-0.5398],[121.9185,-0.512],[121.9148,-0.4415],[121.8675,-0.4095],[121.8033,-0.4423],[121.7557,-0.4263],[121.7641,-0.4459],[121.6994,-0.4708],[121.6504,-0.5408],[121.669,-0.5746]]],[[[121.6559,-0.1833],[121.6428,-0.1264],[121.6045,-0.1284],[121.5648,-0.1587],[121.5927,-0.2107],[121.6365,-0.2084],[121.6559,-0.1833]]],[[[121.9756,-0.4227],[122.0444,-0.4256],[122.0654,-0.3983],[122.059,-0.3479],[122.0186,-0.3701],[121.9802,-0.3549],[121.9694,-0.3262],[121.9305,-0.3259],[121.9477,-0.3438],[121.935,-0.3577],[121.8817,-0.3457],[121.8591,-0.3783],[121.9058,-0.4329],[121.9756,-0.4227]]],[[[122.0807,-0.2648],[122.0868,-0.241],[122.0362,-0.2622],[122.0471,-0.2762],[122.0807,-0.2648]]],[[[122.1293,-0.4192],[122.1515,-0.3896],[122.1452,-0.3584],[122.0875,-0.2751],[122.0601,-0.355],[122.0716,-0.3988],[122.0887,-0.439],[122.1293,-0.4192]]],[[[122.3833,-0.3653],[122.383,-0.2832],[122.3115,-0.2358],[122.2904,-0.2466],[122.2765,-0.2237],[122.2283,-0.2136],[122.2768,-0.2681],[122.3032,-0.2594],[122.3833,-0.3653]]],[[[122.2108,-0.2904],[122.2495,-0.283],[122.1873,-0.2442],[122.2002,-0.232],[122.1862,-0.2147],[122.1483,-0.2428],[122.1529,-0.2601],[122.2108,-0.2904]]],[[[122.5155,-3.0757],[122.5029,-3.0607],[122.482,-3.0803],[122.516,-3.0895],[122.5155,-3.0757]]],[[[122.5916,-0.5036],[122.6171,-0.4996],[122.5969,-0.4774],[122.5266,-0.4979],[122.5635,-0.5201],[122.5916,-0.5036]]],[[[123.1227,-3.6116],[123.1684,-3.6224],[123.1797,-3.5998],[123.1599,-3.5594],[123.0432,-3.5941],[123.1068,-3.6395],[123.1227,-3.6116]]],[[[123.0705,-1.9221],[123.144,-1.8494],[123.148,-1.814],[123.1258,-1.7749],[123.0883,-1.7662],[123.0587,-1.8304],[123.0478,-1.9102],[123.0705,-1.9221]]],[[[122.8817,-1.6005],[122.9199,-1.5896],[122.9455,-1.5454],[123.0167,-1.4926],[123.0576,-1.3888],[123.1371,-1.2987],[123.1638,-1.3041],[123.1561,-1.3676],[123.1848,-1.5141],[123.1016,-1.5751],[123.0992,-1.6009],[123.1764,-1.6343],[123.2316,-1.6013],[123.2422,-1.6485],[123.2599,-1.6259],[123.2392,-1.5537],[123.2565,-1.4422],[123.2979,-1.4119],[123.3248,-1.4185],[123.3265,-1.4496],[123.3649,-1.5008],[123.4096,-1.528],[123.4376,-1.5067],[123.457,-1.5176],[123.4728,-1.4621],[123.5132,-1.4538],[123.5392,-1.3948],[123.555,-1.2772],[123.4822,-1.2662],[123.4446,-1.237],[123.446,-1.2637],[123.4287,-1.2696],[123.3872,-1.2216],[123.3642,-1.2275],[123.247,-1.3901],[123.1835,-1.3206],[123.2467,-1.2248],[123.1885,-1.15],[123.1635,-1.1529],[123.1586,-1.1905],[123.1354,-1.1941],[123.1047,-1.1604],[122.9657,-1.2105],[122.9474,-1.1862],[122.9115,-1.1803],[122.8709,-1.2494],[122.8317,-1.2774],[122.7874,-1.4474],[122.7949,-1.4877],[122.8255,-1.4921],[122.8489,-1.5777],[122.8817,-1.6005]]],[[[123.3168,-1.7779],[123.3398,-1.7345],[123.3853,-1.7201],[123.3848,-1.6865],[123.3648,-1.6736],[123.2698,-1.7858],[123.3168,-1.7779]]],[[[123.304,-1.2804],[123.3164,-1.1748],[123.2749,-1.2152],[123.304,-1.2804]]],[[[123.4887,-1.7065],[123.5761,-1.725],[123.6125,-1.6985],[123.6228,-1.6235],[123.5893,-1.5935],[123.5769,-1.6101],[123.5611,-1.6011],[123.5437,-1.4875],[123.5259,-1.5096],[123.5041,-1.4986],[123.4786,-1.5476],[123.4778,-1.5743],[123.4994,-1.5902],[123.4727,-1.6532],[123.4887,-1.7065]]],[[[123.676,-1.8822],[123.6659,-1.9073],[123.6833,-1.9088],[123.676,-1.8822]]],[[[123.88,-2.0347],[123.8581,-2.0133],[123.8439,-2.0577],[123.8844,-2.0857],[123.8971,-2.0821],[123.88,-2.0347]]],[[[123.7673,-2.0072],[123.7635,-2.0568],[123.7845,-2.028],[123.7673,-2.0072]]],[[[123.8566,-2.01],[123.8632,-1.9791],[123.7836,-1.8792],[123.7848,-1.9829],[123.8157,-2.0209],[123.8566,-2.01]]],[[[123.7311,-1.9],[123.7047,-1.9296],[123.7247,-1.953],[123.7311,-1.9]]],[[[124.0158,-1.8322],[123.9884,-1.8238],[124.0325,-1.8929],[124.0158,-1.8322]]]]}},{"type":"Feature","properties":{"code":"74","name":"Sulawesi Tenggara","bbox":[120.8645,-6.2119,124.0821,-2.7733]},"geometry":{"type":"MultiPolygon","coordinates":[[[[122.0614,-5.4933],[122.0159,-5.5086],[122.0292,-5.5189],[122.0614,-5.4933]]],[[[121.842,-5.335],[121.9404,-5.4377],[121.9466,-5.4839],[122.0339,-5.4729],[122.0464,-5.4542],[122.0334,-5.3477],[122.0513,-5.2672],[122.0358,-5.243],[122.0672,-5.2339],[122.0616,-5.2047],[122.0329,-5.1483],[122.0102,-5.1685],[121.9914,-5.1579],[121.9751,-5.0712],[121.9578,-5.0604],[121.9332,-5.0842],[121.939,-5.1064],[121.8957,-5.0892],[121.8987,-5.0588],[121.8847,-5.0587],[121.841,-5.108],[121.8783,-5.1407],[121.8209,-5.1773],[121.8318,-5.2028],[121.8129,-5.2034],[121.7932,-5.2641],[121.842,-5.335]]],[[[121.4269,-4.0874],[121.3968,-4.1242],[121.3951,-4.1611],[121.4417,-4.1671],[121.4154,-4.1119],[121.4269,-4.0874]]],[[[121.0103,-2.8663],[120.9934,-2.8473],[121.0349,-2.8313],[121.0462,-2.8649],[121.0783,-2.8653],[121.0897,-2.9227],[121.0652,-2.9688],[121.073,-3.0325],[121.0516,-3.0266],[121.0455,-3.0508],[121.0559,-3.1845],[121.0202,-3.2445],[120.9769,-3.2601],[120.9569,-3.3304],[120.8645,-3.4356],[120.8805,-3.5291],[121.0084,-3.6769],[121.0833,-3.7142],[121.1693,-3.8245],[121.2407,-3.8254],[121.2597,-3.8541],[121.2385,-3.8676],[121.2609,-3.8882],[121.2517,-3.9156],[121.3003,-3.8893],[121.345,-3.9873],[121.4185,-3.9997],[121.4433,-4.0211],[121.4543,-4.008],[121.5296,-4.0273],[121.609,-4.0663],[121.6173,-4.151],[121.5798,-4.2447],[121.5233,-4.3081],[121.5167,-4.4428],[121.4703,-4.5897],[121.4704,-4.672],[121.5504,-4.7726],[121.6636,-4.8106],[121.6843,-4.851],[121.8163,-4.8344],[121.8944,-4.8801],[122.0229,-4.8928],[122.0257,-4.8711],[122.0931,-4.8246],[122.0909,-4.797],[122.0464,-4.7685],[122.0318,-4.7179],[122.035,-4.6617],[122.0901,-4.5458],[122.1627,-4.5287],[122.2197,-4.4791],[122.2528,-4.493],[122.3387,-4.4753],[122.4204,-4.4323],[122.5072,-4.451],[122.5891,-4.3965],[122.6763,-4.4835],[122.7034,-4.4735],[122.7124,-4.4999],[122.7406,-4.51],[122.7639,-4.4482],[122.6668,-4.3621],[122.6739,-4.3266],[122.8212,-4.4435],[122.8763,-4.4185],[122.9012,-4.3725],[122.8841,-4.2802],[122.9063,-4.2326],[122.8864,-4.1229],[122.8544,-4.0705],[122.7672,-4.0575],[122.7786,-4.0898],[122.8373,-4.1253],[122.8238,-4.1457],[122.7565,-4.1541],[122.7023,-4.134],[122.7125,-4.1573],[122.679,-4.159],[122.6509,-4.0828],[122.6585,-4.0071],[122.5932,-3.9799],[122.5469,-3.9901],[122.5386,-3.9678],[122.6241,-3.959],[122.6276,-3.9379],[122.6672,-3.9182],[122.6657,-3.8971],[122.5261,-3.895],[122.4439,-3.7506],[122.3414,-3.7445],[122.1955,-3.6077],[122.197,-3.5706],[122.2789,-3.5531],[122.3006,-3.4656],[122.2517,-3.4179],[122.2806,-3.3643],[122.3591,-3.4205],[122.3682,-3.4638],[122.3901,-3.4074],[122.3374,-3.3651],[122.2927,-3.3601],[122.3132,-3.1642],[122.2565,-3.1403],[122.2609,-3.1004],[122.1929,-3.0842],[122.1506,-3.0394],[122.1265,-3.0827],[122.08,-3.0922],[122.0387,-3.0523],[121.8873,-3.0108],[121.8581,-2.9649],[121.6343,-2.8936],[121.4878,-2.9441],[121.4616,-3.0114],[121.3902,-3.0148],[121.1866,-2.842],[121.1589,-2.8386],[121.1305,-2.7953],[121.0825,-2.7733],[120.9967,-2.8273],[121.0103,-2.8663]]],[[[122.3239,-4.7219],[122.3808,-4.6715],[122.3675,-4.6658],[122.3239,-4.7219]]],[[[122.3363,-3.5584],[122.3355,-3.5363],[122.3024,-3.5325],[122.2785,-3.5699],[122.2891,-3.583],[122.354,-3.574],[122.3363,-3.5584]]],[[[122.4735,-5.6902],[122.5333,-5.6944],[122.5565,-5.6532],[122.5444,-5.628],[122.5075,-5.6245],[122.4735,-5.6902]]],[[[122.4908,-5.5625],[122.5078,-5.5588],[122.5158,-5.5029],[122.4699,-5.536],[122.4908,-5.5625]]],[[[122.3313,-5.3957],[122.3651,-5.3889],[122.3841,-5.3209],[122.4087,-5.3997],[122.463,-5.4032],[122.4964,-5.3346],[122.4797,-5.2998],[122.5243,-5.2765],[122.5217,-5.3149],[122.5387,-5.325],[122.5125,-5.4065],[122.5205,-5.438],[122.5443,-5.4411],[122.5659,-5.4112],[122.5953,-5.4341],[122.5995,-5.357],[122.64,-5.3559],[122.6391,-5.2636],[122.5844,-5.2556],[122.6245,-5.1921],[122.5996,-5.2005],[122.5883,-5.1602],[122.6386,-5.0583],[122.68,-5.0341],[122.722,-4.9654],[122.7587,-4.971],[122.7661,-4.8987],[122.7286,-4.8561],[122.7412,-4.7414],[122.7208,-4.6933],[122.7402,-4.6493],[122.6977,-4.6164],[122.6692,-4.6104],[122.6383,-4.6364],[122.596,-4.64],[122.5585,-4.6907],[122.4593,-4.7441],[122.3816,-4.7458],[122.3183,-4.8315],[122.38,-4.9679],[122.3818,-5.0878],[122.3279,-5.1038],[122.3085,-5.1471],[122.3158,-5.2383],[122.2662,-5.3267],[122.2683,-5.3827],[122.3313,-5.3957]]],[[[122.42,-3.488],[122.4482,-3.5051],[122.4653,-3.4639],[122.4046,-3.4032],[122.42,-3.488]]],[[[122.7268,-6.2048],[122.6927,-6.1941],[122.6959,-6.2119],[122.7268,-6.2048]]],[[[122.5734,-5.5364],[122.6367,-5.6951],[122.6691,-5.6872],[122.702,-5.6302],[122.7209,-5.6369],[122.7262,-5.6795],[122.7438,-5.6432],[122.7648,-5.6609],[122.7539,-5.6942],[122.7847,-5.7024],[122.8956,-5.5646],[122.898,-5.5224],[122.8734,-5.5077],[122.8439,-5.522],[122.8719,-5.4547],[122.9714,-5.396],[123.0013,-5.4076],[123.0156,-5.4442],[123.1342,-5.3974],[123.218,-5.301],[123.2242,-5.2765],[123.152,-5.2483],[123.0427,-5.1416],[123.0081,-5.1459],[122.9517,-5.2179],[122.9211,-5.1747],[122.9725,-5.1138],[122.98,-5.0599],[122.9555,-5.0141],[122.9687,-4.9532],[122.9999,-4.9388],[123.0101,-4.9057],[122.9967,-4.8405],[123.04,-4.8012],[123.0279,-4.7637],[123.0836,-4.7594],[123.077,-4.7912],[123.1007,-4.7943],[123.1031,-4.7354],[123.1387,-4.7226],[123.1692,-4.7779],[123.1745,-4.8383],[123.213,-4.8587],[123.204,-4.663],[123.1899,-4.685],[123.1774,-4.6706],[123.2011,-4.6065],[123.1412,-4.4876],[123.0456,-4.4251],[123.0784,-4.4018],[123.0799,-4.3672],[123.042,-4.3696],[122.948,-4.4269],[122.8675,-4.5258],[122.8284,-4.6773],[122.8556,-4.7863],[122.8058,-4.8681],[122.8317,-4.921],[122.8098,-4.9843],[122.7523,-5.0319],[122.7924,-5.018],[122.8033,-5.0409],[122.7742,-5.0784],[122.786,-5.11],[122.7507,-5.1473],[122.7473,-5.2171],[122.7601,-5.2244],[122.7832,-5.1849],[122.8113,-5.2211],[122.7552,-5.2548],[122.7333,-5.2417],[122.687,-5.3206],[122.6559,-5.3237],[122.6187,-5.406],[122.6504,-5.4366],[122.5646,-5.4821],[122.5571,-5.5191],[122.5734,-5.5364]]],[[[122.7372,-4.5559],[122.7408,-4.5307],[122.7225,-4.5174],[122.6865,-4.5402],[122.7053,-4.5649],[122.7372,-4.5559]]],[[[123.5193,-5.3623],[123.4929,-5.3344],[123.4638,-5.3341],[123.4819,-5.361],[123.5193,-5.3623]]],[[[123.5932,-5.3861],[123.6393,-5.3658],[123.6447,-5.2964],[123.5897,-5.2487],[123.5329,-5.2478],[123.5194,-5.2679],[123.5304,-5.3185],[123.5932,-5.3861]]],[[[123.0883,-4.7965],[123.039,-4.8331],[123.1135,-4.8473],[123.1184,-4.7989],[123.0883,-4.7965]]],[[[122.9412,-4.1033],[122.996,-4.2028],[123.1205,-4.261],[123.2313,-4.1455],[123.2586,-4.0927],[123.2166,-4.0203],[123.1401,-4.0083],[123.0963,-4.0236],[123.0129,-3.9781],[122.9719,-4.057],[122.9514,-4.0531],[122.9412,-4.1033]]],[[[123.8016,-5.5947],[123.8105,-5.5578],[123.772,-5.5112],[123.7033,-5.472],[123.7803,-5.5896],[123.8016,-5.5947]]],[[[123.6131,-5.4027],[123.5942,-5.4199],[123.63,-5.4354],[123.6443,-5.4241],[123.6131,-5.4027]]],[[[124.0417,-6.0114],[124.0461,-6.0351],[124.0821,-6.0058],[124.0413,-5.9083],[123.9865,-5.8783],[123.9697,-5.9293],[123.9856,-5.9663],[124.0495,-5.9891],[124.0417,-6.0114]]],[[[123.9356,-5.7781],[123.996,-5.7701],[123.9638,-5.7317],[123.9042,-5.7198],[123.8935,-5.7409],[123.9356,-5.7781]]],[[[123.8421,-5.5507],[123.8331,-5.5863],[123.8824,-5.5827],[123.8421,-5.5507]]],[[[123.8675,-5.5323],[123.8446,-5.5499],[123.8596,-5.5591],[123.8675,-5.5323]]]]}},{"type":"Feature","properties":{"code":"71","name":"Sulawesi Utara","bbox":[123.1187,0.3003,127.1412,4.7772]},"geometry":{"type":"MultiPolygon","coordinates":[[[[123.4736,0.3203],[123.4922,0.3073],[123.5462,0.3228],[123.6132,0.3003],[123.7367,0.3235],[123.7788,0.3121],[123.8077,0.3353],[123.8725,0.3314],[123.9991,0.3755],[124.0638,0.3699],[124.1424,0.3952],[124.2192,0.3836],[124.2884,0.4071],[124.2712,0.4277],[124.3181,0.4182],[124.3236,0.4462],[124.4503,0.4489],[124.512,0.4744],[124.4982,0.5537],[124.5591,0.5907],[124.555,0.6504],[124.599,0.7071],[124.6295,0.713],[124.6404,0.7925],[124.7094,0.8473],[124.7162,0.8895],[124.7665,0.8917],[124.7951,0.9487],[124.8849,0.9714],[124.8916,0.9989],[125.0236,1.1428],[125.0777,1.3664],[125.1264,1.4284],[125.2294,1.4631],[125.2453,1.5146],[125.1691,1.5664],[125.1434,1.6062],[125.1654,1.6881],[125.1055,1.6647],[125.0161,1.6874],[125.0254,1.7302],[124.9805,1.7483],[124.967,1.7089],[124.8674,1.6003],[124.8063,1.5761],[124.8427,1.5247],[124.8158,1.4584],[124.7444,1.4484],[124.681,1.3972],[124.6392,1.3996],[124.6237,1.4188],[124.5321,1.3527],[124.5154,1.3002],[124.6118,1.2536],[124.5766,1.1882],[124.5425,1.2128],[124.5189,1.2107],[124.5182,1.189],[124.3836,1.18],[124.3428,1.155],[124.3562,1.1373],[124.2971,1.0097],[124.2036,0.99],[124.1366,0.9282],[124.0725,0.9211],[123.9708,0.8751],[123.9351,0.8357],[123.8117,0.8451],[123.7505,0.8318],[123.7101,0.8734],[123.7012,0.8592],[123.6185,0.8979],[123.5797,0.9037],[123.5547,0.8871],[123.2617,0.9144],[123.2418,0.9449],[123.1842,0.954],[123.1666,0.9485],[123.1975,0.921],[123.1872,0.9069],[123.1215,0.9248],[123.1187,0.8959],[123.2058,0.8574],[123.2711,0.8026],[123.2462,0.7332],[123.2736,0.6982],[123.3224,0.6985],[123.3831,0.6401],[123.4862,0.6265],[123.4875,0.6016],[123.5332,0.5752],[123.5258,0.5439],[123.5477,0.5225],[123.5457,0.4965],[123.5228,0.4901],[123.5246,0.4567],[123.5482,0.4423],[123.4736,0.3203]]],[[[124.7162,1.6285],[124.6907,1.6472],[124.6823,1.6248],[124.7162,1.6285]]],[[[124.7794,1.7046],[124.7659,1.7442],[124.7339,1.7308],[124.7686,1.6923],[124.7794,1.7046]]],[[[125.1317,1.7741],[125.1355,1.7483],[125.1853,1.7752],[125.1861,1.7995],[125.1353,1.8465],[125.1139,1.8162],[125.1317,1.7741]]],[[[125.0654,1.8193],[125.0919,1.8691],[125.0652,1.8566],[125.0654,1.8193]]],[[[125.1985,1.3988],[125.2592,1.426],[125.2748,1.5044],[125.2385,1.4451],[125.1718,1.4085],[125.1754,1.391],[125.1985,1.3988]]],[[[125.379,2.0927],[125.3924,2.103],[125.3743,2.1207],[125.3359,2.0879],[125.3465,2.0702],[125.379,2.0927]]],[[[125.383,2.3026],[125.381,2.3244],[125.3437,2.3032],[125.3646,2.2871],[125.383,2.3026]]],[[[125.3697,2.3578],[125.4042,2.321],[125.4401,2.3177],[125.4654,2.3535],[125.4214,2.3801],[125.3781,2.3779],[125.3697,2.3578]]],[[[125.3735,2.6747],[125.404,2.6338],[125.4316,2.6495],[125.3919,2.6808],[125.4082,2.7294],[125.4569,2.7709],[125.4323,2.8055],[125.3783,2.8004],[125.3589,2.7429],[125.3735,2.6747]]],[[[125.5193,3.158],[125.5394,3.1729],[125.5065,3.1822],[125.5193,3.158]]],[[[125.4985,3.4678],[125.5225,3.4152],[125.5584,3.4219],[125.6063,3.3716],[125.6418,3.381],[125.6762,3.4265],[125.6685,3.5011],[125.6451,3.5188],[125.6322,3.5089],[125.574,3.592],[125.5845,3.6207],[125.5569,3.6657],[125.5077,3.7232],[125.4269,3.7346],[125.4037,3.7187],[125.3977,3.673],[125.5119,3.5674],[125.4857,3.4856],[125.4985,3.4678]]],[[[126.7821,3.7499],[126.8239,3.7287],[126.8511,3.7536],[126.8026,3.8342],[126.7535,3.8538],[126.7535,3.7843],[126.7821,3.7499]]],[[[126.6968,3.8358],[126.7152,3.9255],[126.6637,3.9603],[126.6424,4.0164],[126.6176,4.0218],[126.6117,4.0028],[126.6666,3.9316],[126.6828,3.8129],[126.7042,3.8144],[126.6968,3.8358]]],[[[126.6915,3.9984],[126.762,3.9947],[126.7906,4.0174],[126.8078,4.167],[126.8699,4.2169],[126.8621,4.2512],[126.9112,4.2705],[126.8479,4.388],[126.869,4.4281],[126.8564,4.4834],[126.8054,4.5328],[126.738,4.5436],[126.7199,4.5127],[126.7337,4.4622],[126.6946,4.4004],[126.6808,4.3345],[126.7064,4.3241],[126.7159,4.2655],[126.776,4.251],[126.7909,4.2155],[126.7588,4.1822],[126.7334,4.1095],[126.67,4.0472],[126.6708,4.0034],[126.6915,3.9984]]],[[[127.0851,4.72],[127.0912,4.7338],[127.063,4.7415],[127.0681,4.7191],[127.0851,4.72]]],[[[127.1159,4.7321],[127.1412,4.7386],[127.1291,4.7772],[127.1159,4.7321]]]]}},{"type":"Feature","properties":{"code":"13","name":"Sumatera Barat","bbox":[98.5965,-3.4812,101.8848,0.9067]},"geometry":{"type":"MultiPolygon","coordinates":[[[[99.2761,-1.6416],[99.2874,-1.6332],[99.2581,-1.5946],[99.2218,-1.6058],[99.1936,-1.5661],[99.2066,-1.5266],[99.1535,-1.4884],[99.1643,-1.4276],[99.0979,-1.3624],[99.0806,-1.2943],[99.0557,-1.2957],[99.068,-1.2525],[99.0301,-1.228],[99.0412,-1.2054],[99.0024,-1.1178],[98.9464,-1.0801],[98.9169,-1.0022],[98.943,-0.9992],[98.9303,-0.9343],[98.9105,-0.9303],[98.9092,-0.9092],[98.7969,-0.9569],[98.7208,-0.9443],[98.6848,-0.9596],[98.6637,-0.9816],[98.6507,-1.1061],[98.5965,-1.1988],[98.6524,-1.3117],[98.8041,-1.519],[98.8361,-1.5833],[98.8252,-1.6157],[98.884,-1.6831],[99.0544,-1.7859],[99.125,-1.8083],[99.1673,-1.7793],[99.2425,-1.796],[99.2624,-1.7717],[99.2164,-1.6402],[99.2768,-1.7462],[99.2993,-1.7157],[99.2761,-1.6416]]],[[[99.2655,-1.7958],[99.2589,-1.8446],[99.2939,-1.8337],[99.2885,-1.8056],[99.2655,-1.7958]]],[[[100.1248,-2.8358],[100.1472,-2.8314],[100.1394,-2.8146],[100.1733,-2.7901],[100.2177,-2.776],[100.2215,-2.75],[100.1686,-2.6453],[99.9978,-2.5029],[99.9718,-2.5137],[99.9678,-2.5855],[100.0118,-2.6758],[99.9877,-2.774],[100.0122,-2.8435],[100.0437,-2.8418],[100.0469,-2.8168],[100.1248,-2.8358]]],[[[99.8125,-2.3048],[99.7348,-2.2055],[99.6916,-2.0766],[99.6389,-2.0371],[99.5873,-2.0254],[99.5575,-2.0516],[99.5467,-2.0715],[99.5724,-2.1446],[99.5285,-2.1533],[99.5511,-2.2079],[99.5977,-2.2306],[99.6002,-2.2831],[99.6735,-2.289],[99.7451,-2.3476],[99.7835,-2.3439],[99.7955,-2.3706],[99.8404,-2.3663],[99.842,-2.3951],[99.8636,-2.3892],[99.8125,-2.3048]]],[[[100.2569,-3.0504],[100.3329,-3.1341],[100.3253,-3.1719],[100.378,-3.2844],[100.4393,-3.3449],[100.4651,-3.3471],[100.4648,-3.3131],[100.3894,-3.2001],[100.4,-3.1773],[100.3786,-3.1692],[100.3933,-3.1516],[100.4666,-3.1471],[100.4569,-3.015],[100.4297,-3.0037],[100.3547,-2.9011],[100.2684,-2.8437],[100.2364,-2.7839],[100.1891,-2.7909],[100.1767,-2.8132],[100.2029,-2.9339],[100.1883,-2.9897],[100.2332,-3.0578],[100.2569,-3.0504]]],[[[100.3921,-1.1896],[100.3758,-1.218],[100.4,-1.2237],[100.3921,-1.1896]]],[[[100.6766,-3.4803],[100.6376,-3.4671],[100.6354,-3.4812],[100.6766,-3.4803]]],[[[100.4986,-3.145],[100.4853,-3.169],[100.5037,-3.2001],[100.4986,-3.145]]],[[[100.1812,0.7623],[100.0771,0.7866],[99.9653,0.8524],[99.9436,0.8832],[99.8705,0.9067],[99.8366,0.8905],[99.8308,0.6961],[99.9113,0.6798],[99.9204,0.6051],[99.9645,0.5459],[99.9084,0.4721],[99.8358,0.4587],[99.785,0.4813],[99.7382,0.4759],[99.7178,0.4514],[99.6781,0.4714],[99.6487,0.5411],[99.5775,0.5104],[99.5124,0.5386],[99.4764,0.5261],[99.4315,0.4753],[99.412,0.4863],[99.317,0.3343],[99.262,0.3442],[99.1904,0.3081],[99.1961,0.272],[99.1672,0.2282],[99.2038,0.2329],[99.2205,0.2109],[99.3143,0.2376],[99.3603,0.2285],[99.3982,0.1512],[99.618,0.0658],[99.7302,-0.021],[99.7628,-0.0693],[99.7477,-0.1349],[99.8202,-0.3008],[100.0372,-0.5017],[100.0834,-0.5529],[100.1168,-0.63],[100.3303,-0.8589],[100.3574,-0.9894],[100.3833,-0.9938],[100.4146,-1.0606],[100.4077,-1.075],[100.3776,-1.0643],[100.3667,-1.0896],[100.3851,-1.1145],[100.3636,-1.1248],[100.3861,-1.1837],[100.4264,-1.2076],[100.4006,-1.2709],[100.4461,-1.2587],[100.5668,-1.3344],[100.5805,-1.3818],[100.5625,-1.4135],[100.5842,-1.4221],[100.5628,-1.4422],[100.6181,-1.4955],[100.6383,-1.6077],[100.8284,-1.864],[100.8685,-1.9443],[100.8803,-2.0452],[100.8664,-2.0965],[100.8235,-2.1417],[100.8249,-2.1776],[100.873,-2.2412],[100.8898,-2.3253],[101.0224,-2.4784],[101.2929,-2.2887],[101.2611,-2.1019],[101.2411,-2.0976],[101.2437,-2.0728],[101.1383,-1.8989],[101.1345,-1.6838],[101.1692,-1.7106],[101.1947,-1.685],[101.2159,-1.7251],[101.3365,-1.6807],[101.4765,-1.6767],[101.4864,-1.6485],[101.5233,-1.6361],[101.6228,-1.527],[101.6798,-1.4981],[101.7194,-1.4356],[101.6949,-1.3941],[101.7281,-1.3549],[101.7118,-1.3363],[101.6751,-1.348],[101.6992,-1.2739],[101.7267,-1.2348],[101.816,-1.2178],[101.8848,-1.1131],[101.8313,-1.1106],[101.8236,-0.9776],[101.7508,-0.9717],[101.7452,-0.9528],[101.6982,-0.9355],[101.7345,-0.8965],[101.7317,-0.8706],[101.6477,-0.8237],[101.5876,-0.8473],[101.5058,-0.8085],[101.4324,-0.746],[101.4029,-0.7458],[101.3956,-0.7053],[101.3478,-0.6835],[101.3574,-0.6575],[101.2549,-0.6252],[101.1785,-0.5417],[101.1087,-0.5009],[101.0668,-0.5035],[101.037,-0.4398],[101.0319,-0.3453],[100.9922,-0.3158],[100.845,-0.3428],[100.8379,-0.2844],[100.7743,-0.2131],[100.7458,-0.0518],[100.7638,-0.0222],[100.8045,-0.0339],[100.8416,-0.0066],[100.8446,0.0339],[100.8638,0.0464],[100.8307,0.0674],[100.8,0.0568],[100.7789,0.0827],[100.7961,0.1273],[100.8418,0.1462],[100.843,0.2233],[100.8146,0.2605],[100.7646,0.2337],[100.7014,0.2385],[100.6859,0.1886],[100.5872,0.2535],[100.559,0.3047],[100.4671,0.3146],[100.4306,0.3565],[100.4611,0.4116],[100.4291,0.422],[100.3459,0.3806],[100.2761,0.4119],[100.2244,0.5028],[100.2395,0.5316],[100.1981,0.6263],[100.2203,0.6621],[100.2845,0.6895],[100.2619,0.7332],[100.2133,0.7361],[100.1812,0.7623]]]]}},{"type":"Feature","properties":{"code":"16","name":"Sumatera Selatan","bbox":[102.0639,-4.9242,106.0967,-1.6293]},"geometry":{"type":"MultiPolygon","coordinates":[[[[102.8102,-3.5299],[102.8078,-3.6128],[102.7706,-3.7082],[102.7342,-3.7177],[102.7343,-3.7463],[102.6573,-3.772],[102.6304,-3.8094],[102.7701,-3.9102],[102.7917,-3.9559],[102.8575,-3.992],[102.9119,-3.9696],[102.9611,-4.0197],[102.9962,-4.0185],[102.9541,-4.0562],[102.9172,-4.0569],[102.9186,-4.0931],[103.0595,-4.1948],[103.0676,-4.2569],[103.0891,-4.2669],[103.2241,-4.2407],[103.3058,-4.2575],[103.3715,-4.3159],[103.4422,-4.3301],[103.4465,-4.3744],[103.4066,-4.5008],[103.4834,-4.5766],[103.5293,-4.5707],[103.5721,-4.5277],[103.6195,-4.5313],[103.6295,-4.55],[103.6015,-4.5966],[103.6668,-4.6155],[103.6971,-4.6544],[103.7077,-4.696],[103.6773,-4.7176],[103.7706,-4.7484],[103.8695,-4.8564],[103.8444,-4.9126],[103.9356,-4.8846],[103.9616,-4.9105],[104.0719,-4.9039],[104.1216,-4.9242],[104.1744,-4.9058],[104.1913,-4.863],[104.2634,-4.8812],[104.2872,-4.8556],[104.3351,-4.8719],[104.354,-4.8505],[104.364,-4.8225],[104.3405,-4.8227],[104.3125,-4.7788],[104.3069,-4.705],[104.2899,-4.7043],[104.3019,-4.6389],[104.3408,-4.602],[104.3115,-4.514],[104.3292,-4.5142],[104.3218,-4.4583],[104.3845,-4.3474],[104.4499,-4.2984],[104.4716,-4.312],[104.5248,-4.2643],[104.6212,-4.2256],[104.6787,-4.2574],[104.7461,-4.2474],[104.7925,-4.2666],[104.9532,-4.1782],[105.0216,-4.1661],[105.0657,-4.1203],[105.0614,-4.0972],[105.1353,-3.9877],[105.1427,-3.933],[105.1654,-3.9376],[105.2056,-3.8908],[105.2553,-3.9004],[105.2776,-3.8764],[105.2837,-3.8013],[105.3188,-3.7326],[105.3425,-3.7314],[105.3551,-3.7942],[105.4113,-3.7766],[105.4367,-3.788],[105.4302,-3.8224],[105.5211,-3.8392],[105.5239,-3.8932],[105.5442,-3.8809],[105.5727,-3.8993],[105.5625,-3.9284],[105.6092,-3.9363],[105.5936,-3.9574],[105.6304,-4.0026],[105.6248,-4.0393],[105.6601,-4.0571],[105.645,-4.0663],[105.6518,-4.0871],[105.7046,-4.0996],[105.698,-4.125],[105.7434,-4.1443],[105.7704,-4.1127],[105.8453,-4.16],[105.8626,-4.0323],[105.9608,-3.8245],[105.9157,-3.768],[105.8308,-3.7107],[105.8219,-3.6377],[105.8391,-3.5511],[105.9167,-3.3843],[105.9832,-3.3145],[106.0841,-3.2618],[106.0967,-3.238],[106.0476,-3.1209],[106.0474,-2.9952],[105.9588,-2.9434],[105.8832,-2.9661],[105.847,-2.9508],[105.7816,-2.8526],[105.7821,-2.6898],[105.7015,-2.6855],[105.626,-2.6295],[105.6036,-2.5526],[105.6335,-2.4362],[105.6212,-2.3911],[105.5804,-2.4182],[105.4883,-2.3876],[105.2971,-2.3735],[105.2033,-2.3266],[105.1089,-2.3829],[105.0683,-2.3609],[105.0456,-2.3764],[105.0384,-2.3525],[104.9983,-2.3311],[104.9101,-2.3363],[104.9182,-2.2902],[104.9014,-2.2792],[104.8495,-2.2846],[104.8446,-2.3243],[104.7866,-2.3836],[104.7542,-2.3952],[104.7014,-2.3614],[104.7014,-2.3424],[104.7438,-2.3589],[104.7985,-2.2716],[104.8858,-2.2092],[104.9066,-2.18],[104.8987,-2.1046],[104.8757,-2.0495],[104.8276,-2.0038],[104.6868,-1.9931],[104.6559,-1.9645],[104.6113,-2.0058],[104.5775,-2.0054],[104.5041,-1.9685],[104.4937,-1.9242],[104.4722,-1.913],[104.4717,-1.8647],[104.5038,-1.8056],[104.4838,-1.7875],[104.5061,-1.7218],[104.5256,-1.7118],[104.4619,-1.6421],[104.4055,-1.6293],[103.8733,-1.7886],[103.85,-1.8167],[103.6303,-1.8412],[103.5214,-1.9067],[103.5,-1.9822],[103.5427,-1.986],[103.5631,-2.0422],[103.5169,-2.0922],[103.5441,-2.1439],[103.507,-2.1737],[103.4602,-2.1777],[103.4538,-2.3596],[103.4058,-2.3351],[103.3134,-2.237],[103.2776,-2.1479],[103.2305,-2.1358],[103.2258,-2.1654],[103.187,-2.1842],[103.1674,-2.2294],[103.1982,-2.2606],[103.2113,-2.3203],[103.1186,-2.3541],[103.0631,-2.3363],[103.0552,-2.3173],[103.0293,-2.3416],[102.8928,-2.3173],[102.8559,-2.3335],[102.8435,-2.374],[102.8792,-2.4244],[102.8157,-2.4854],[102.7775,-2.554],[102.6141,-2.6222],[102.6158,-2.6527],[102.5806,-2.6783],[102.5388,-2.6752],[102.4691,-2.7043],[102.2713,-2.6245],[102.2414,-2.6511],[102.2368,-2.6896],[102.1684,-2.7072],[102.1094,-2.7387],[102.097,-2.7667],[102.0639,-2.7685],[102.1294,-2.8348],[102.1313,-2.8748],[102.2241,-2.9307],[102.2429,-3.0195],[102.2677,-3.0426],[102.3176,-3.0699],[102.3868,-3.0436],[102.4423,-3.0586],[102.4709,-3.087],[102.4939,-3.1691],[102.4943,-3.2684],[102.5458,-3.2909],[102.5704,-3.2795],[102.6184,-3.3294],[102.7596,-3.2888],[102.7897,-3.2975],[102.798,-3.3317],[102.8641,-3.3453],[102.8957,-3.3269],[102.8951,-3.3757],[102.9884,-3.3686],[103.0051,-3.4666],[102.9947,-3.5248],[102.9071,-3.6165],[102.8476,-3.5369],[102.8102,-3.5299]]],[[[104.5563,-1.8554],[104.5008,-1.9467],[104.5244,-1.9799],[104.6045,-2.0004],[104.6392,-1.9168],[104.5563,-1.8554]]],[[[104.5408,-1.7836],[104.5213,-1.7156],[104.4962,-1.7817],[104.5086,-1.8061],[104.5408,-1.7836]]]]}},{"type":"Feature","properties":{"code":"12","name":"Sumatera Utara","bbox":[97.0589,-0.6361,100.4345,4.2899]},"geometry":{"type":"MultiPolygon","coordinates":[[[[97.8952,-0.0881],[97.8908,-0.064],[97.8382,-0.0646],[97.8888,-0.1067],[97.8952,-0.0881]]],[[[97.5131,0.9057],[97.6342,0.7952],[97.6668,0.6628],[97.6921,0.6273],[97.6828,0.5866],[97.7097,0.5613],[97.7866,0.5669],[97.8215,0.5433],[97.8215,0.568],[97.8846,0.6072],[97.8997,0.63],[97.8868,0.7433],[97.9115,0.7988],[97.8944,0.8579],[97.9457,0.9668],[97.9197,1.0248],[97.8348,1.0873],[97.7995,1.1511],[97.6883,1.18],[97.6759,1.2197],[97.5414,1.3923],[97.5383,1.4217],[97.4885,1.4733],[97.4419,1.4727],[97.4226,1.5178],[97.3955,1.4996],[97.3501,1.5415],[97.3347,1.5228],[97.3452,1.4807],[97.2894,1.4487],[97.2826,1.4255],[97.2014,1.4037],[97.1365,1.4354],[97.0589,1.4061],[97.1009,1.4065],[97.1503,1.3671],[97.1963,1.2924],[97.2626,1.2426],[97.2555,1.2283],[97.3676,1.0806],[97.4097,0.9482],[97.4818,0.9398],[97.5131,0.9057]]],[[[98.3596,-0.5465],[98.4151,-0.5866],[98.4361,-0.5385],[98.4789,-0.544],[98.493,-0.573],[98.506,-0.5432],[98.4812,-0.517],[98.5047,-0.4963],[98.5142,-0.4144],[98.5003,-0.3986],[98.5215,-0.3604],[98.4407,-0.2455],[98.4257,-0.2587],[98.4404,-0.3029],[98.3842,-0.3435],[98.3762,-0.4586],[98.3549,-0.4714],[98.3485,-0.5131],[98.3145,-0.5296],[98.3596,-0.5465]]],[[[98.1955,-0.1366],[98.1982,-0.1079],[98.1818,-0.121],[98.1955,-0.1366]]],[[[98.3002,-0.0601],[98.3473,-0.0973],[98.3405,-0.0686],[98.3002,-0.0601]]],[[[98.2647,-0.0486],[98.2906,-0.0796],[98.2847,-0.0497],[98.2647,-0.0486]]],[[[98.2659,4.1742],[98.2432,4.1754],[98.2328,4.1469],[98.2707,4.1409],[98.2659,4.1742]]],[[[98.5005,-0.6317],[98.5205,-0.6361],[98.5108,-0.6007],[98.4882,-0.6102],[98.5005,-0.6317]]],[[[98.3455,-0.0395],[98.3882,-0.1376],[98.5354,-0.3523],[98.5699,-0.325],[98.573,-0.2801],[98.4929,-0.2104],[98.4709,-0.0944],[98.3808,0.0077],[98.3124,-0.0261],[98.3455,-0.0395]]],[[[98.4647,1.7015],[98.4459,1.6495],[98.5143,1.6251],[98.5945,1.6238],[98.5849,1.6649],[98.5498,1.6708],[98.5424,1.6455],[98.4959,1.6526],[98.485,1.7001],[98.4647,1.7015]]],[[[98.6013,0.0933],[98.6618,0.0723],[98.7542,0.0735],[98.7794,0.0952],[98.8503,0.0798],[98.854,0.1162],[98.7755,0.1741],[98.721,0.1572],[98.7076,0.1781],[98.6145,0.1807],[98.5656,0.173],[98.5251,0.1417],[98.5538,0.0918],[98.6013,0.0933]]],[[[98.253,4.2899],[98.1547,4.2891],[98.1438,4.2598],[98.072,4.2504],[98.0916,4.1941],[98.0625,4.1859],[98.0748,4.1452],[98.0574,4.1347],[98.0402,4.0412],[98.0957,3.9841],[98.0827,3.9539],[98.0203,3.9558],[98.0065,3.9017],[97.953,3.8899],[97.9002,3.9094],[97.9219,3.8459],[97.8005,3.7226],[97.8718,3.6126],[97.8681,3.5711],[97.9066,3.5552],[97.9302,3.4925],[97.959,3.4814],[97.9344,3.4465],[97.9487,3.39],[97.9972,3.3727],[98.0293,3.3308],[97.969,3.2737],[97.9112,3.2518],[97.9447,3.2076],[97.9421,3.1648],[97.9822,3.1161],[97.9809,3.0793],[97.9365,3.0743],[97.9301,3.0548],[97.9549,2.9828],[97.9493,2.8948],[97.993,2.8818],[98.0501,2.8218],[98.0984,2.8228],[98.1091,2.7771],[98.0694,2.7642],[98.104,2.6819],[98.1077,2.6044],[98.0848,2.6034],[98.0813,2.5183],[98.1966,2.3132],[98.1273,2.1695],[98.2723,2.0443],[98.3398,2.0467],[98.3721,2.0144],[98.4585,1.9916],[98.6083,1.8383],[98.6733,1.7454],[98.7231,1.7164],[98.7339,1.7512],[98.6989,1.7723],[98.7378,1.7778],[98.7663,1.7635],[98.7867,1.6921],[98.8276,1.6736],[98.8396,1.6271],[98.7749,1.564],[98.7711,1.5319],[98.7375,1.5618],[98.73,1.5294],[98.7691,1.4866],[98.789,1.4168],[98.8501,1.3165],[98.841,1.2811],[98.9701,0.9358],[98.9761,0.8419],[99.0122,0.8241],[99.0583,0.742],[99.0659,0.6588],[99.0456,0.6384],[99.085,0.6205],[99.1067,0.5797],[99.0949,0.519],[99.1259,0.4857],[99.1395,0.4207],[99.1179,0.3389],[99.1484,0.3306],[99.1592,0.2693],[99.1418,0.2643],[99.1672,0.2282],[99.1961,0.272],[99.1904,0.3081],[99.262,0.3442],[99.317,0.3343],[99.412,0.4863],[99.4315,0.4753],[99.4764,0.5261],[99.5124,0.5386],[99.5775,0.5104],[99.6487,0.5411],[99.6781,0.4714],[99.7178,0.4514],[99.7382,0.4759],[99.785,0.4813],[99.8358,0.4587],[99.9084,0.4721],[99.9645,0.5459],[99.9204,0.6051],[99.9113,0.6798],[99.8308,0.6961],[99.8366,0.8905],[99.8705,0.9067],[99.9436,0.8832],[99.9653,0.8524],[100.0771,0.7866],[100.1812,0.7623],[100.1217,0.8214],[100.1396,0.9003],[100.1189,0.9104],[100.1511,0.9359],[100.1398,0.9792],[100.1631,1.0038],[100.1166,1.09],[100.1704,1.1227],[100.1661,1.1698],[100.1425,1.175],[100.1111,1.2215],[100.1258,1.2559],[100.0934,1.3268],[100.0508,1.3497],[100.0534,1.3799],[100.1805,1.4168],[100.3005,1.417],[100.3282,1.4366],[100.2874,1.4608],[100.3224,1.4703],[100.3185,1.448],[100.3766,1.4498],[100.4218,1.4854],[100.4345,1.5204],[100.4046,1.5783],[100.4167,1.6548],[100.3527,1.734],[100.3903,1.7596],[100.2804,1.8125],[100.2889,1.8755],[100.3181,1.9018],[100.3205,2.0374],[100.3727,2.2241],[100.3106,2.3553],[100.299,2.4426],[100.3219,2.5477],[100.2343,2.6425],[100.2203,2.7044],[100.1758,2.7111],[100.1384,2.6876],[99.9849,2.758],[99.9921,2.94],[99.9243,2.9827],[99.8892,3.0398],[99.8693,3.0319],[99.8317,3.0602],[99.7572,3.168],[99.5468,3.2451],[99.4869,3.3177],[99.4887,3.3441],[99.368,3.3983],[99.2922,3.4787],[99.0554,3.6189],[98.7063,3.7723],[98.6937,3.8868],[98.5595,3.9395],[98.5414,4.0122],[98.4309,4.039],[98.4012,4.0704],[98.3096,4.0728],[98.2676,4.1229],[98.1729,4.1125],[98.1778,4.1442],[98.1611,4.1542],[98.2453,4.187],[98.253,4.2899]]]]}}]}